ParticipantID,Location,Method,PathID,MethodOrder,RunID,TotalPathTime,BannerDelayTime,BannerCount,MeanBannerDelayTime,NetPathTime,TeleportCount_Base,TeleportCount_Map,TeleportCount_Tsunami,TotalTeleports,TotalTraversedDistance,MeanOrientationTime,MeanAimingTime,MeanHeadDelta,MeanPostLandingDirectionalError,MedianPostLandingDirectionalError,MeanReorientationImprovement,MeanLeftControllerDirectionalError,MeanRightControllerDirectionalError,MeanLeftControllerViewingAngle,MeanRightControllerViewingAngle,MeanNearestControllerViewingAngle,ControllerDirectedAttentionRate,MeanLeftControllerViewingAngleAtMapAim,MeanRightControllerViewingAngleAtMapAim,LeftControllerViewingRateAtMapAim15,LeftControllerViewingRateAtMapAim20,LeftControllerViewingRateAtMapAim25,RightControllerViewingRateAtMapAim15,RightControllerViewingRateAtMapAim20,RightControllerViewingRateAtMapAim25,MapAimSampleCount,DirectionalSampleCount,DirectionalRecoveredFromTeleportCount
P01,SITE1,baseline,A,1,1,82.00,17.12,6,2.85,64.88,32,0,0,32,3115.04,1.05,1.39,16.18,28.10,10.94,11.01,23.29,17.14,85.78,78.86,78.13,0.0000,,,,,,,,,0,31,0
P01,SITE1,baseline,B,1,2,55.98,11.71,6,1.95,44.26,30,0,0,30,2933.41,0.93,0.95,23.37,31.77,6.96,18.24,26.01,9.76,84.44,73.27,72.62,0.0000,,,,,,,,,0,29,0
P01,SITE1,baseline,C,1,3,57.97,10.81,6,1.80,47.15,33,0,0,33,3048.66,0.79,0.91,18.85,25.82,4.42,17.88,29.49,8.33,88.47,77.23,76.15,0.0000,,,,,,,,,0,32,0
P01,SITE1,map,A,2,7,50.79,13.65,6,2.27,37.14,0,7,0,7,3012.24,3.46,4.18,55.75,66.16,57.81,51.21,22.11,12.69,51.83,76.76,51.60,0.0000,51.83,76.76,0.0000,0.0000,0.0000,0.0000,0.0000,0.0000,6,6,0
P01,SITE1,map,B,2,5,51.73,14.86,6,2.48,36.87,0,7,0,7,2881.47,3.87,3.85,70.27,65.33,69.40,57.63,26.94,6.80,54.72,80.78,54.56,0.1667,54.72,80.78,0.0000,0.1667,0.1667,0.0000,0.0000,0.0000,6,6,0
P01,SITE1,map,C,2,6,57.79,15.97,6,2.66,41.82,0,7,0,7,2888.45,3.95,4.42,61.89,70.18,71.53,40.42,50.73,32.37,54.81,80.63,54.58,0.0000,54.81,80.63,0.0000,0.0000,0.0000,0.0000,0.0000,0.0000,6,6,0
P01,SITE1,tsunami,A,3,10,49.18,11.06,6,1.84,38.12,0,0,13,13,3701.15,1.74,1.85,58.95,75.56,53.86,50.25,54.98,26.26,84.51,64.75,63.76,0.0000,,,,,,,,,0,12,0
P01,SITE1,tsunami,B,3,11,38.73,8.86,6,1.48,29.88,0,0,14,14,2914.52,1.41,1.26,38.12,48.72,28.39,31.45,41.55,14.26,84.90,77.43,74.82,0.0000,,,,,,,,,0,13,0
P01,SITE1,tsunami,C,3,9,50.64,11.45,6,1.91,39.19,0,0,12,12,2993.79,2.13,1.76,77.67,86.19,87.29,74.59,39.62,8.98,86.49,71.27,69.80,0.0000,,,,,,,,,0,11,0
P02,SITE1,baseline,A,1,3,57.65,10.50,6,1.75,47.15,37,0,0,37,3066.83,0.69,0.84,11.49,15.98,6.61,10.06,11.45,7.57,59.43,64.91,57.52,0.0000,,,,,,,,,0,36,0
P02,SITE1,baseline,B,1,1,64.87,14.26,6,2.38,50.61,34,0,0,34,2994.83,1.03,0.83,25.49,29.82,6.15,20.60,12.99,8.77,67.12,60.55,58.13,0.0000,,,,,,,,,0,33,0
P02,SITE1,baseline,C,1,2,53.90,9.87,6,1.65,44.03,35,0,0,35,2953.97,0.73,0.79,15.93,20.94,8.10,14.82,11.51,7.82,62.32,62.11,58.94,0.0000,,,,,,,,,0,34,0
P02,SITE1,map,A,2,6,51.59,12.81,6,2.14,38.78,0,7,0,7,3003.07,3.84,3.92,58.07,61.18,48.45,56.67,9.75,11.07,37.26,56.42,36.24,0.0000,37.26,56.42,0.0000,0.0000,0.1667,0.0000,0.0000,0.0000,6,6,0
P02,SITE1,map,B,2,7,43.84,9.53,6,1.59,34.31,0,7,0,7,2896.87,2.94,3.63,62.99,75.52,72.42,52.02,31.24,34.53,55.23,68.04,54.54,0.0000,55.23,68.04,0.0000,0.0000,0.0000,0.0000,0.0000,0.0000,6,6,0
P02,SITE1,map,C,2,5,60.05,14.49,6,2.42,45.56,0,8,0,8,2914.74,3.49,4.31,62.01,67.26,71.10,64.07,10.12,16.76,43.65,57.90,43.65,0.0000,43.65,57.90,0.0000,0.0000,0.0000,0.0000,0.0000,0.0000,7,7,0
P02,SITE1,tsunami,A,3,9,56.71,10.39,6,1.73,46.32,0,0,12,12,3098.18,2.15,1.87,72.53,75.46,62.23,72.30,25.17,5.66,79.45,71.27,68.95,0.0000,,,,,,,,,0,11,0
P02,SITE1,tsunami,B,3,10,41.49,7.47,6,1.25,34.02,0,0,10,10,2893.65,2.10,2.20,45.76,47.44,50.20,41.60,27.55,3.62,77.42,72.05,70.10,0.0000,,,,,,,,,0,9,0
P02,SITE1,tsunami,C,3,11,53.76,8.78,6,1.46,44.98,0,0,13,13,2898.34,1.69,1.71,38.09,38.19,18.90,31.65,23.34,5.87,83.49,71.27,71.27,0.0000,,,,,,,,,0,12,0
P03,SITE1,baseline,A,1,2,79.26,17.57,6,2.93,61.69,35,0,0,35,3122.02,1.16,1.11,19.80,26.16,7.48,17.01,13.17,19.76,72.17,82.02,71.72,0.0000,,,,,,,,,0,34,0
P03,SITE1,baseline,B,1,3,65.48,20.13,6,3.36,45.34,34,0,0,34,2925.20,1.01,0.76,15.34,19.36,5.15,13.17,6.32,19.45,66.37,84.38,66.37,0.0000,,,,,,,,,0,33,0
P03,SITE1,baseline,C,1,1,79.72,19.49,6,3.25,60.23,42,0,0,42,2968.15,0.98,0.86,12.79,20.76,4.91,11.94,10.95,21.17,69.42,81.37,69.14,0.0000,,,,,,,,,0,41,0
P03,SITE1,map,A,2,5,65.23,30.47,6,5.08,34.77,0,7,0,7,3006.23,6.30,3.82,32.46,81.89,61.21,29.96,46.23,69.69,48.84,64.88,48.28,0.0000,48.84,64.88,0.0000,0.0000,0.1667,0.0000,0.0000,0.0000,6,6,0
P03,SITE1,map,B,2,6,55.41,30.83,6,5.14,24.58,0,6,0,6,2879.65,4.11,3.02,49.98,78.48,79.44,48.61,31.04,43.49,42.45,68.74,42.45,0.0000,42.45,68.74,0.0000,0.0000,0.2000,0.0000,0.0000,0.0000,5,5,0
P03,SITE1,map,C,2,7,62.83,25.48,6,4.25,37.35,0,6,0,6,2771.50,5.28,3.15,30.30,64.55,68.96,17.04,50.85,50.01,26.02,62.91,26.02,0.0000,26.02,62.91,0.0000,0.0000,0.6000,0.0000,0.0000,0.0000,5,5,0
P03,SITE1,tsunami,A,3,11,61.53,16.20,6,2.70,45.33,0,0,18,18,3735.48,1.84,1.35,56.24,75.19,32.87,48.29,25.45,52.13,69.25,84.47,67.37,0.0000,,,,,,,,,0,17,0
P03,SITE1,tsunami,B,3,9,59.16,15.96,6,2.66,43.20,0,0,15,15,2965.43,2.15,1.56,59.96,67.89,50.29,54.19,11.78,35.79,73.07,82.80,71.52,0.0000,,,,,,,,,0,14,0
P03,SITE1,tsunami,C,3,10,56.53,13.44,6,2.24,43.09,0,0,17,17,3024.64,1.61,1.34,43.04,53.79,26.07,40.65,12.50,38.23,76.25,84.86,73.54,0.0000,,,,,,,,,0,16,0
P04,SITE1,baseline,A,3,10,78.10,11.70,6,1.95,66.40,43,0,0,43,3071.90,0.77,0.96,11.57,15.62,6.37,9.04,21.37,6.81,79.14,53.69,53.55,0.0000,,,,,,,,,0,42,0
P04,SITE1,baseline,B,3,11,60.35,11.69,6,1.95,48.67,35,0,0,35,2888.97,0.77,0.84,9.15,13.91,3.61,7.46,18.39,6.63,74.44,54.77,54.64,0.0000,,,,,,,,,0,34,0
P04,SITE1,baseline,C,3,9,67.42,12.45,6,2.08,54.97,29,0,0,29,2947.90,0.91,1.21,11.97,22.19,6.03,11.45,24.52,13.23,72.80,55.92,55.16,0.0000,,,,,,,,,0,28,0
P04,SITE1,map,A,1,1,63.88,27.20,6,4.53,36.68,0,8,0,8,2993.17,4.91,3.16,37.58,57.38,52.26,28.83,27.62,30.16,37.49,51.11,37.26,0.0000,37.49,51.11,0.0000,0.0000,0.0000,0.0000,0.0000,0.0000,7,7,0
P04,SITE1,map,B,1,2,79.28,13.16,6,2.19,66.13,0,15,0,15,6285.45,1.76,3.60,15.40,38.03,24.17,4.67,40.68,27.10,32.66,45.99,30.62,0.2143,32.66,45.99,0.0714,0.2143,0.2143,0.0000,0.0000,0.0000,14,14,0
P04,SITE1,map,C,1,3,56.73,23.91,6,3.99,32.82,0,7,0,7,2899.51,4.70,3.95,26.96,88.50,109.21,-15.04,107.87,102.10,28.54,55.18,28.54,0.1667,28.54,55.18,0.0000,0.1667,0.1667,0.0000,0.0000,0.0000,6,6,0
P04,SITE1,tsunami,A,2,7,55.12,13.61,6,2.27,41.52,0,0,13,13,3997.36,1.84,2.22,45.78,66.47,47.31,41.41,50.61,22.39,76.75,50.87,50.39,0.0000,,,,,,,,,0,12,0
P04,SITE1,tsunami,B,2,5,67.28,22.85,6,3.81,44.42,0,0,12,12,2959.97,3.23,2.03,52.44,102.17,104.05,46.09,83.74,47.23,67.97,55.50,54.59,0.0000,,,,,,,,,0,11,0
P04,SITE1,tsunami,C,2,6,58.35,14.11,6,2.35,44.24,0,0,15,15,2988.11,1.92,1.71,61.07,98.11,93.87,55.06,77.04,38.56,77.57,50.91,50.91,0.0000,,,,,,,,,0,14,0
P05,SITE1,baseline,A,3,9,69.08,10.60,6,1.77,58.48,101,0,0,101,3247.64,0.44,0.28,10.77,16.29,6.91,4.68,18.77,17.21,67.52,52.85,52.24,0.0000,,,,,,,,,0,100,13
P05,SITE1,baseline,B,3,10,48.24,9.22,6,1.54,39.02,94,0,0,94,2965.23,0.38,0.17,7.60,10.31,2.85,7.07,6.95,4.25,58.78,55.45,53.00,0.0000,,,,,,,,,0,93,14
P05,SITE1,baseline,C,3,11,54.76,8.10,6,1.35,46.66,140,0,0,140,3087.79,0.34,0.12,12.25,17.93,5.70,11.17,14.53,8.79,61.87,59.77,56.63,0.0000,,,,,,,,,0,139,37
P05,SITE1,map,A,1,3,46.45,25.27,6,4.21,21.17,0,7,0,7,2989.74,4.96,2.32,25.37,52.35,53.75,-3.14,57.29,55.98,60.06,45.15,45.15,0.0000,60.06,45.15,0.0000,0.0000,0.0000,0.0000,0.0000,0.0000,6,6,0
P05,SITE1,map,B,1,1,55.83,25.32,6,4.22,30.51,0,7,0,7,2909.38,4.52,3.14,59.57,86.41,74.17,45.77,40.40,48.85,54.70,47.72,45.75,0.0000,54.70,47.72,0.0000,0.0000,0.0000,0.0000,0.0000,0.0000,6,6,0
P05,SITE1,map,C,1,2,41.51,18.38,6,3.06,23.13,0,7,0,7,2914.56,3.57,2.84,32.02,112.44,127.10,20.91,98.65,96.38,81.39,43.96,43.96,0.0000,81.39,43.96,0.0000,0.0000,0.0000,0.0000,0.0000,0.0000,6,6,0
P05,SITE1,tsunami,A,2,6,48.30,9.86,6,1.64,38.44,0,0,22,22,3151.19,1.16,1.06,37.58,42.05,14.38,35.46,33.16,5.93,90.04,58.10,57.98,0.0000,,,,,,,,,0,21,0
P05,SITE1,tsunami,B,2,7,38.04,8.62,6,1.44,29.42,0,0,17,17,2915.84,1.17,0.99,28.83,31.78,10.60,25.68,32.14,3.72,86.53,66.61,64.65,0.0000,,,,,,,,,0,16,0
P05,SITE1,tsunami,C,2,5,54.29,13.56,6,2.26,40.73,0,0,16,16,3220.25,1.90,1.58,66.40,74.25,52.37,64.40,46.21,7.94,88.58,59.41,58.95,0.0000,,,,,,,,,0,15,0
P06,SITE1,baseline,A,3,11,72.84,13.54,6,2.26,59.30,35,0,0,35,3072.01,1.05,1.04,13.43,16.70,10.50,11.02,26.95,6.39,79.16,55.30,55.13,0.0000,,,,,,,,,0,34,0
P06,SITE1,baseline,B,3,9,70.48,16.74,6,2.79,53.74,35,0,0,35,3000.41,1.15,0.79,20.38,27.28,5.81,19.57,33.00,5.63,79.10,58.50,58.43,0.0000,,,,,,,,,0,34,0
P06,SITE1,baseline,C,3,10,68.56,16.86,6,2.81,51.69,34,0,0,34,3003.92,1.21,0.77,23.99,33.15,17.74,22.33,30.86,9.40,78.28,58.10,57.70,0.0000,,,,,,,,,0,33,0
P06,SITE1,map,A,1,2,39.48,17.03,6,2.84,22.45,0,7,0,7,2987.40,3.53,2.57,29.57,69.92,64.76,4.50,60.00,65.61,39.29,41.19,34.86,0.1667,39.29,41.19,0.0000,0.1667,0.1667,0.0000,0.0000,0.0000,6,6,0
P06,SITE1,map,B,1,3,47.15,23.94,6,3.99,23.21,0,7,0,7,2873.87,4.70,2.65,14.57,107.89,126.40,2.07,100.24,104.24,34.67,34.89,28.38,0.3333,34.67,34.89,0.3333,0.3333,0.3333,0.0000,0.0000,0.0000,6,6,0
P06,SITE1,map,C,1,1,77.40,31.51,6,5.25,45.88,0,8,0,8,2905.79,5.85,3.68,58.26,60.09,60.42,49.12,21.67,18.46,57.18,62.01,54.44,0.0000,57.18,62.01,0.0000,0.0000,0.0000,0.0000,0.0000,0.0000,7,7,0
P06,SITE1,tsunami,A,2,5,57.25,16.16,6,2.69,41.09,0,0,13,13,4325.61,2.85,1.72,135.37,140.00,160.62,134.11,41.18,2.77,84.63,54.21,54.21,0.0000,,,,,,,,,0,12,0
P06,SITE1,tsunami,B,2,6,37.05,12.53,6,2.09,24.52,0,0,11,11,2904.89,2.39,1.15,54.40,60.74,53.19,50.05,42.57,3.28,82.27,52.31,51.68,0.0000,,,,,,,,,0,10,0
P06,SITE1,tsunami,C,2,7,56.30,17.85,6,2.97,38.45,0,0,15,15,3041.66,2.27,1.43,56.09,62.54,32.94,54.31,35.33,5.38,79.07,55.35,55.35,0.0000,,,,,,,,,0,14,0
P07,SITE1,baseline,A,2,7,76.29,12.13,6,2.02,64.16,28,0,0,28,3139.62,1.18,1.32,21.53,24.65,12.85,17.27,7.66,14.62,75.79,84.18,73.72,0.0000,,,,,,,,,0,27,0
P07,SITE1,baseline,B,2,5,80.19,16.60,6,2.77,63.59,27,0,0,27,2987.11,1.44,1.42,31.80,39.10,14.16,30.27,3.33,27.32,65.97,81.44,64.16,0.0000,,,,,,,,,0,26,0
P07,SITE1,baseline,C,2,6,75.12,12.92,6,2.15,62.20,29,0,0,29,3083.22,1.28,1.35,31.07,41.59,29.77,27.99,9.51,39.71,55.74,89.26,55.74,0.0000,,,,,,,,,0,28,0
P07,SITE1,map,A,3,10,48.22,17.18,6,2.86,31.04,0,7,0,7,2990.34,4.34,2.99,79.74,79.49,71.51,74.58,7.96,5.98,69.66,62.64,62.17,0.0000,69.66,62.64,0.0000,0.0000,0.0000,0.0000,0.0000,0.0000,6,6,0
P07,SITE1,map,B,3,11,48.31,14.62,6,2.44,33.70,0,7,0,7,2899.25,3.89,3.44,40.89,57.99,63.38,33.56,22.00,26.61,55.35,58.90,53.95,0.0000,55.35,58.90,0.0000,0.0000,0.0000,0.0000,0.0000,0.0000,6,6,0
P07,SITE1,map,C,3,9,62.16,15.02,6,2.50,47.14,0,7,0,7,2909.00,3.74,4.98,50.58,78.21,101.62,37.82,35.12,42.16,56.67,60.70,54.79,0.0000,56.67,60.70,0.0000,0.0000,0.0000,0.0000,0.0000,0.0000,6,6,0
P07,SITE1,tsunami,A,1,1,75.11,22.14,6,3.69,52.96,0,0,13,13,3602.82,3.34,2.08,106.58,115.87,131.41,103.80,14.10,21.84,73.30,72.32,65.49,0.0000,,,,,,,,,0,12,0
P07,SITE1,tsunami,B,1,2,38.48,14.19,6,2.37,24.28,0,0,10,10,2875.65,2.05,1.65,8.02,45.88,49.32,2.98,37.15,53.91,78.91,77.66,72.26,0.0000,,,,,,,,,0,9,0
P07,SITE1,tsunami,C,1,3,51.16,19.12,6,3.19,32.04,0,0,12,12,2985.83,2.39,1.82,31.71,80.41,65.51,30.02,48.96,56.50,74.19,79.92,68.88,0.0000,,,,,,,,,0,11,0
P08,SITE1,baseline,A,2,6,68.33,10.64,6,1.77,57.69,42,0,0,42,3053.38,0.71,0.72,13.83,19.02,5.58,12.03,12.79,7.99,71.83,64.76,61.17,0.0000,,,,,,,,,0,41,1
P08,SITE1,baseline,B,2,7,58.18,9.41,6,1.57,48.77,41,0,0,41,2965.72,0.77,0.62,18.55,25.61,4.20,16.84,22.27,7.20,78.80,54.28,53.09,0.0000,,,,,,,,,0,40,0
P08,SITE1,baseline,C,2,5,60.60,10.68,6,1.78,49.92,35,0,0,35,2983.41,0.77,0.84,18.62,21.52,7.00,9.11,25.50,11.96,83.08,65.16,65.16,0.0000,,,,,,,,,0,34,0
P08,SITE1,map,A,3,9,45.00,18.23,6,3.04,26.77,0,7,0,7,2987.55,4.42,2.50,48.02,67.63,72.22,38.30,25.52,31.32,55.07,51.37,50.34,0.0000,55.07,51.37,0.0000,0.0000,0.0000,0.0000,0.0000,0.0000,6,6,0
P08,SITE1,map,B,3,10,43.87,18.59,6,3.10,25.27,0,7,0,7,2899.20,4.09,2.71,80.47,85.86,88.44,53.23,36.06,29.84,51.26,58.54,48.21,0.0000,51.26,58.54,0.0000,0.0000,0.0000,0.0000,0.0000,0.0000,6,6,0
P08,SITE1,map,C,3,11,40.27,20.58,6,3.43,19.69,0,6,0,6,2446.48,2.83,2.28,66.54,88.04,101.18,54.69,37.25,36.33,53.56,78.18,53.56,0.0000,53.56,78.18,0.0000,0.0000,0.0000,0.0000,0.0000,0.0000,5,5,0
P08,SITE1,tsunami,A,1,3,39.75,8.44,6,1.41,31.31,0,0,16,16,3216.11,1.39,1.16,49.67,56.10,37.49,44.52,27.75,12.57,84.28,55.77,55.77,0.0000,,,,,,,,,0,15,0
P08,SITE1,tsunami,B,1,1,46.40,11.56,6,1.93,34.84,0,0,16,16,3097.55,1.80,1.05,63.18,67.83,56.75,63.14,21.07,7.58,85.87,63.11,62.95,0.0000,,,,,,,,,0,15,0
P08,SITE1,tsunami,C,1,2,50.06,9.99,6,1.66,40.08,0,0,19,19,3119.60,1.37,1.10,64.32,67.45,56.30,51.38,33.69,14.84,83.42,60.16,60.16,0.0000,,,,,,,,,0,18,0
P09,SITE1,baseline,A,2,5,81.74,11.30,6,1.88,70.44,33,0,0,33,3065.57,0.99,1.34,22.29,27.48,7.66,18.38,12.30,6.75,90.75,78.81,78.80,0.0000,,,,,,,,,0,32,0
P09,SITE1,baseline,B,2,6,48.31,8.35,6,1.39,39.96,26,0,0,26,2884.67,1.03,0.85,17.33,17.74,4.67,14.61,10.36,2.51,87.94,76.98,76.94,0.0000,,,,,,,,,0,25,0
P09,SITE1,baseline,C,2,7,63.25,10.10,6,1.68,53.15,29,0,0,29,3032.90,0.96,1.16,26.68,34.41,12.63,24.71,21.20,7.73,89.25,72.90,72.90,0.0000,,,,,,,,,0,28,0
P09,SITE1,map,A,3,11,35.83,10.52,6,1.75,25.31,0,8,0,8,3021.67,2.20,2.52,15.57,127.69,136.25,3.31,125.43,129.25,49.29,50.21,44.27,0.0000,49.29,50.21,0.0000,0.0000,0.0000,0.0000,0.0000,0.0000,7,7,0
P09,SITE1,map,B,3,9,50.63,13.89,6,2.32,36.74,0,7,0,7,2890.98,3.17,4.48,34.26,81.59,77.25,21.47,63.70,58.24,48.28,55.77,46.82,0.0000,48.28,55.77,0.0000,0.0000,0.0000,0.0000,0.0000,0.0000,6,6,0
P09,SITE1,map,C,3,10,47.55,27.30,6,4.55,20.25,0,5,0,5,2470.86,5.97,3.50,56.22,79.61,86.72,14.95,80.03,52.79,48.07,60.72,46.69,0.0000,48.07,60.72,0.0000,0.0000,0.0000,0.0000,0.0000,0.0000,4,4,0
P09,SITE1,tsunami,A,1,2,71.64,18.56,6,3.09,53.08,0,0,13,13,4029.03,2.64,1.97,85.24,101.40,120.85,84.67,41.36,16.78,87.63,78.58,78.27,0.0000,,,,,,,,,0,12,0
P09,SITE1,tsunami,B,1,3,49.11,15.57,6,2.59,33.55,0,0,12,12,2918.42,2.24,1.99,39.40,51.18,56.82,31.66,34.48,19.67,83.50,72.78,72.78,0.0000,,,,,,,,,0,11,0
P09,SITE1,tsunami,C,1,1,60.98,14.96,6,2.49,46.02,0,0,11,11,3162.12,3.12,2.50,72.44,92.14,88.41,73.13,39.23,18.73,89.28,71.16,71.16,0.0000,,,,,,,,,0,10,0
P10,SITE1,baseline,A,1,1,98.36,16.17,6,2.70,82.19,47,0,0,47,3121.97,1.07,1.01,19.53,27.02,10.91,15.73,21.27,11.20,74.84,62.46,61.68,0.0000,,,,,,,,,0,46,0
P10,SITE1,baseline,B,1,2,76.86,19.02,6,3.17,57.85,28,0,0,28,2978.98,1.58,1.16,35.50,37.78,7.14,32.52,17.87,4.22,71.23,63.43,61.96,0.0000,,,,,,,,,0,27,0
P10,SITE1,baseline,C,1,3,73.53,14.95,6,2.49,58.58,28,0,0,28,2983.23,1.40,1.22,25.83,31.60,7.75,22.67,20.74,7.72,71.54,65.79,64.84,0.0000,,,,,,,,,0,27,0
P10,SITE1,map,A,3,10,74.13,31.28,6,5.21,42.85,0,7,0,7,2991.10,6.96,4.35,63.08,58.80,56.63,53.75,18.15,13.57,68.02,52.70,47.11,0.0000,68.02,52.70,0.0000,0.0000,0.0000,0.0000,0.0000,0.0000,6,6,0
P10,SITE1,map,B,3,11,56.39,20.58,6,3.43,35.81,0,7,0,7,2872.12,4.97,3.66,59.70,56.10,55.57,51.64,12.06,9.49,63.87,50.64,49.53,0.0000,63.87,50.64,0.0000,0.0000,0.0000,0.0000,0.0000,0.0000,6,6,0
P10,SITE1,map,C,3,9,73.27,30.48,6,5.08,42.78,0,7,0,7,2884.38,7.17,4.12,74.19,78.14,64.88,72.37,9.36,5.41,64.67,44.39,44.39,0.0000,64.67,44.39,0.0000,0.0000,0.0000,0.0000,0.0000,0.1667,6,6,0
P10,SITE1,tsunami,A,2,7,59.17,16.39,6,2.73,42.78,0,0,14,14,3080.06,2.40,1.65,66.92,71.02,46.72,60.67,41.02,9.33,77.46,65.07,63.89,0.0000,,,,,,,,,0,13,0
P10,SITE1,tsunami,B,2,5,56.35,15.87,6,2.64,40.48,0,0,14,14,2898.96,2.24,1.83,35.92,32.09,21.40,28.69,16.65,2.31,71.20,70.60,67.44,0.0000,,,,,,,,,0,13,0
P10,SITE1,tsunami,C,2,6,60.84,16.67,6,2.78,44.17,0,0,16,16,2934.98,2.23,1.59,62.85,63.03,34.34,57.61,24.71,5.34,73.35,64.65,63.03,0.0000,,,,,,,,,0,15,0
P11,SITE1,baseline,A,1,3,53.62,6.68,6,1.11,46.94,93,0,0,93,3364.04,0.37,0.18,18.12,26.22,7.67,13.32,17.72,20.90,68.60,73.40,57.19,0.0000,,,,,,,,,0,92,0
P11,SITE1,baseline,B,1,1,40.03,7.66,6,1.28,32.37,66,0,0,66,3309.87,0.40,0.16,10.81,16.15,6.25,8.50,8.41,17.23,50.43,87.97,46.37,0.0000,,,,,,,,,0,65,1
P11,SITE1,baseline,C,1,2,45.64,10.09,6,1.68,35.55,76,0,0,76,3103.57,0.39,0.17,13.23,20.50,6.02,11.37,15.73,13.66,71.09,70.53,59.52,0.0000,,,,,,,,,0,75,1
P11,SITE1,map,A,3,9,65.09,31.71,6,5.29,33.37,0,10,0,10,3014.02,4.37,2.53,23.20,45.23,35.91,16.57,29.81,29.97,58.92,27.60,27.60,0.2222,58.92,27.60,0.0000,0.0000,0.0000,0.1111,0.2222,0.3333,9,9,0
P11,SITE1,map,B,3,10,34.18,10.37,6,1.73,23.82,0,7,0,7,2904.55,2.27,2.87,25.65,71.35,60.40,0.04,80.98,72.75,54.55,34.97,34.75,0.0000,54.55,34.97,0.0000,0.0000,0.0000,0.0000,0.0000,0.3333,6,6,0
P11,SITE1,map,C,3,11,35.96,12.99,6,2.17,22.97,0,7,0,7,2907.45,2.69,2.77,16.28,120.23,126.42,-3.54,124.87,123.13,59.60,22.88,22.88,0.5000,59.60,22.88,0.0000,0.0000,0.0000,0.1667,0.5000,0.5000,6,6,0
P11,SITE1,tsunami,A,2,6,42.98,9.80,6,1.63,33.18,0,0,15,15,3087.41,1.56,1.20,62.76,61.96,40.10,56.89,17.18,11.25,67.14,75.32,56.85,0.0000,,,,,,,,,0,14,0
P11,SITE1,tsunami,B,2,7,49.56,8.44,6,1.41,41.12,0,0,18,18,3008.48,1.38,1.16,59.42,64.37,49.40,54.88,38.06,6.88,75.74,63.78,52.81,0.0000,,,,,,,,,0,17,0
P11,SITE1,tsunami,C,2,5,46.15,10.97,6,1.83,35.18,0,0,19,19,3253.22,1.51,0.94,62.10,61.19,35.93,52.03,22.19,13.02,64.13,81.49,57.99,0.0000,,,,,,,,,0,18,0
P12,SITE1,baseline,A,1,2,101.07,24.44,6,4.07,76.63,32,0,0,32,3187.13,1.71,1.38,34.99,36.41,18.67,30.23,18.05,7.38,72.15,64.76,63.54,0.0000,,,,,,,,,0,31,0
P12,SITE1,baseline,B,1,3,67.88,15.30,6,2.55,52.59,27,0,0,27,2897.29,1.36,1.19,36.36,39.09,5.17,33.97,30.08,4.22,75.69,62.78,60.01,0.0000,,,,,,,,,0,26,0
P12,SITE1,baseline,C,1,1,116.61,29.35,6,4.89,87.25,32,0,0,32,3080.09,1.97,1.68,38.74,38.81,26.79,22.04,27.40,18.22,71.92,58.23,57.98,0.0000,,,,,,,,,0,31,0
P12,SITE1,map,A,3,11,35.84,9.86,6,1.64,25.98,0,8,0,8,2996.63,1.72,2.95,14.99,141.84,143.69,1.76,128.77,143.04,50.08,72.14,49.95,0.0000,50.08,72.14,0.0000,0.0000,0.0000,0.0000,0.0000,0.0000,7,7,0
P12,SITE1,map,B,3,9,60.52,19.33,6,3.22,41.19,0,11,0,11,4219.07,2.80,2.79,31.58,100.32,106.10,21.93,101.60,76.60,52.95,60.38,50.28,0.0000,52.95,60.38,0.0000,0.0000,0.0000,0.0000,0.0000,0.0000,10,10,0
P12,SITE1,map,C,3,10,49.38,20.68,6,3.45,28.70,0,7,0,7,2909.53,3.90,3.67,43.43,67.98,64.12,13.97,42.92,60.48,45.29,49.83,40.92,0.3333,45.29,49.83,0.0000,0.3333,0.3333,0.0000,0.0000,0.0000,6,6,0
P12,SITE1,tsunami,A,2,5,62.14,16.03,6,2.67,46.11,0,0,14,14,3163.57,2.23,2.34,60.21,67.50,51.68,56.64,32.70,11.89,78.09,59.58,59.20,0.0000,,,,,,,,,0,13,0
P12,SITE1,tsunami,B,2,6,54.42,13.88,6,2.31,40.54,0,0,13,13,2935.33,1.87,2.14,33.27,56.40,43.97,28.98,50.98,27.61,73.03,59.21,58.13,0.0000,,,,,,,,,0,12,0
P12,SITE1,tsunami,C,2,7,50.58,10.24,6,1.71,40.34,0,0,13,13,3034.42,1.72,2.22,64.35,81.17,77.25,62.00,37.19,20.14,71.47,64.10,62.64,0.0000,,,,,,,,,0,12,0
P13,SITE1,baseline,A,2,7,77.88,19.73,6,3.29,58.14,40,0,0,40,3081.98,1.12,0.79,14.86,19.05,12.40,11.83,8.03,11.57,75.49,77.78,73.48,0.0000,,,,,,,,,0,39,0
P13,SITE1,baseline,B,2,5,69.41,13.99,6,2.33,55.42,35,0,0,35,2924.30,1.05,0.86,16.99,21.25,7.16,15.39,4.39,6.85,78.44,80.28,76.83,0.0000,,,,,,,,,0,34,0
P13,SITE1,baseline,C,2,6,76.77,14.07,6,2.34,62.70,37,0,0,37,2971.43,1.05,0.75,18.69,24.47,11.66,17.06,8.67,8.92,75.26,79.36,74.31,0.0000,,,,,,,,,0,36,0
P13,SITE1,map,A,1,1,71.09,36.37,6,6.06,34.72,0,7,0,7,2984.40,7.78,3.27,66.56,84.91,89.22,60.44,24.54,23.76,40.72,51.49,40.72,0.0000,40.72,51.49,0.0000,0.0000,0.0000,0.0000,0.0000,0.0000,6,6,0
P13,SITE1,map,B,1,2,74.23,47.63,6,7.94,26.61,0,6,0,6,2715.77,10.18,3.77,86.22,88.59,83.25,56.31,32.73,30.60,46.93,58.13,46.93,0.0000,46.93,58.13,0.0000,0.0000,0.0000,0.0000,0.0000,0.0000,5,5,0
P13,SITE1,map,C,1,3,62.67,24.23,6,4.04,38.44,0,7,0,7,2887.50,3.66,4.46,63.64,76.42,62.80,15.47,62.55,67.83,45.38,56.08,45.38,0.0000,45.38,56.08,0.0000,0.0000,0.0000,0.0000,0.0000,0.0000,6,6,0
P13,SITE1,tsunami,A,3,10,86.47,14.06,6,2.34,72.41,0,0,17,17,3573.63,2.32,2.20,113.72,117.28,149.85,111.94,7.51,17.54,78.86,84.32,77.60,0.0000,,,,,,,,,0,16,0
P13,SITE1,tsunami,B,3,11,75.74,22.58,6,3.76,53.16,0,0,14,14,2943.50,2.87,1.77,48.80,49.56,30.46,45.36,6.11,12.34,77.12,80.54,75.25,0.0000,,,,,,,,,0,13,0
P13,SITE1,tsunami,C,3,9,73.58,22.84,6,3.81,50.74,0,0,13,13,3146.35,3.47,2.28,114.60,118.91,134.50,115.97,7.08,16.32,76.92,80.26,74.77,0.0000,,,,,,,,,0,12,0
P14,SITE1,baseline,A,2,6,69.37,13.63,6,2.27,55.74,34,0,0,34,3244.14,1.06,0.98,31.25,36.80,4.77,28.24,28.67,9.51,91.11,70.77,70.65,0.0000,,,,,,,,,0,33,0
P14,SITE1,baseline,B,2,7,52.16,11.66,6,1.94,40.50,29,0,0,29,2907.44,0.92,0.85,18.77,19.12,4.00,14.70,31.86,4.46,85.56,63.08,62.92,0.0000,,,,,,,,,0,28,0
P14,SITE1,baseline,C,2,5,57.93,12.04,6,2.01,45.89,38,0,0,38,2992.56,0.85,0.67,21.42,22.48,3.06,19.34,29.63,3.70,88.39,67.38,65.87,0.0000,,,,,,,,,0,37,0
P14,SITE1,map,A,1,3,50.81,26.70,6,4.45,24.11,0,9,0,9,2850.72,4.04,1.70,35.69,35.89,33.95,-13.92,52.20,55.16,47.45,52.48,40.49,0.1250,47.45,52.48,0.0000,0.1250,0.2500,0.0000,0.0000,0.0000,8,8,0
P14,SITE1,map,B,1,1,70.47,34.38,6,5.73,36.09,0,9,0,9,3429.02,5.82,2.61,46.07,46.63,52.98,30.11,22.30,23.33,26.80,51.76,26.80,0.1250,26.80,51.76,0.1250,0.1250,0.3750,0.0000,0.0000,0.0000,8,8,0
P14,SITE1,map,C,1,2,45.84,25.88,6,4.31,19.96,0,7,0,7,2692.53,4.80,2.34,51.77,115.16,120.26,-22.20,135.86,137.18,58.85,58.97,52.77,0.0000,58.85,58.97,0.0000,0.0000,0.0000,0.0000,0.0000,0.0000,6,6,0
P14,SITE1,tsunami,A,3,9,67.77,11.49,6,1.91,56.28,0,0,17,17,4283.74,1.81,1.95,98.93,110.12,123.81,95.85,63.19,6.70,101.72,68.27,67.67,0.0000,,,,,,,,,0,16,0
P14,SITE1,tsunami,B,3,10,39.89,8.58,6,1.43,31.32,0,0,16,16,2907.19,1.24,1.13,42.61,51.04,25.22,40.94,57.54,10.06,91.87,36.20,36.20,0.2000,,,,,,,,,0,15,0
P14,SITE1,tsunami,C,3,11,37.19,6.60,6,1.10,30.58,0,0,15,15,3136.70,1.25,1.28,64.58,73.96,54.46,57.78,68.59,12.75,94.27,39.32,39.08,0.1429,,,,,,,,,0,14,0
P15,SITE1,baseline,A,2,5,157.84,18.09,6,3.02,139.75,40,0,0,40,3191.39,2.11,1.85,32.19,34.56,9.91,25.79,38.65,10.54,62.01,60.19,54.56,0.0000,,,,,,,,,0,39,0
P15,SITE1,baseline,B,2,6,108.30,15.75,6,2.63,92.55,27,0,0,27,2952.60,1.86,2.15,34.89,37.08,6.07,34.33,56.38,3.61,81.57,60.00,60.00,0.0000,,,,,,,,,0,26,0
P15,SITE1,baseline,C,2,7,120.70,25.23,6,4.21,95.46,38,0,0,38,3025.08,2.00,1.06,35.15,37.47,6.71,31.12,58.37,7.28,86.19,58.79,58.79,0.0000,,,,,,,,,0,37,0
P15,SITE1,map,A,1,2,99.52,35.77,6,5.96,63.75,0,7,0,7,2957.92,8.68,6.32,57.59,55.49,50.02,52.34,6.88,6.07,36.28,61.92,36.28,0.0000,36.28,61.92,0.0000,0.0000,0.0000,0.0000,0.0000,0.0000,6,6,0
P15,SITE1,map,B,1,3,78.98,21.37,6,3.56,57.61,0,7,0,7,2879.96,5.55,6.27,62.69,60.67,53.26,58.79,9.76,4.68,42.50,64.05,42.50,0.0000,42.50,64.05,0.0000,0.0000,0.0000,0.0000,0.0000,0.0000,6,6,0
P15,SITE1,map,C,1,1,141.25,25.70,6,4.28,115.56,0,7,0,7,2891.40,7.64,8.59,62.46,61.12,82.90,59.28,7.49,8.12,27.14,59.64,27.14,0.1667,27.14,59.64,0.0000,0.1667,0.5000,0.0000,0.0000,0.0000,6,6,0
P15,SITE1,tsunami,A,3,11,89.44,16.61,6,2.77,72.83,0,0,14,14,3189.91,2.94,3.39,74.71,78.50,61.70,69.72,101.49,9.51,88.58,67.43,67.43,0.0000,,,,,,,,,0,13,0
P15,SITE1,tsunami,B,3,9,94.79,19.07,6,3.18,75.73,0,0,14,14,2967.22,3.12,3.42,69.41,66.38,44.73,64.07,58.88,2.62,81.82,71.59,71.57,0.0000,,,,,,,,,0,13,0
P15,SITE1,tsunami,C,3,10,83.38,20.46,6,3.41,62.92,0,0,12,12,2989.00,3.50,2.89,67.88,67.65,65.32,64.71,75.61,5.36,84.38,71.23,71.23,0.0000,,,,,,,,,0,11,0
P16,SITE1,baseline,A,3,10,63.98,8.99,6,1.50,54.99,37,0,0,37,3343.29,0.62,0.82,23.02,34.61,5.03,20.85,51.53,15.54,92.90,59.09,59.00,0.0000,,,,,,,,,0,36,0
P16,SITE1,baseline,B,3,11,47.62,5.89,6,0.98,41.73,43,0,0,43,2904.38,0.45,0.61,9.95,19.74,5.27,5.68,80.39,13.48,96.11,43.66,43.66,0.1429,,,,,,,,,0,42,0
P16,SITE1,baseline,C,3,9,56.87,7.12,6,1.19,49.75,30,0,0,30,2919.30,0.69,1.09,13.64,28.36,4.62,9.92,72.49,17.20,94.28,57.05,57.02,0.0000,,,,,,,,,0,29,0
P16,SITE1,map,A,2,7,36.41,13.12,6,2.19,23.29,0,7,0,7,3005.53,2.66,2.82,30.67,106.59,121.38,-1.65,113.03,105.10,45.71,54.89,44.73,0.0000,45.71,54.89,0.0000,0.0000,0.0000,0.0000,0.0000,0.0000,6,6,0
P16,SITE1,map,B,2,5,64.88,17.90,6,2.98,46.97,0,10,0,10,2895.03,2.73,3.29,23.54,45.81,30.59,-7.37,60.47,52.40,35.55,46.39,34.31,0.0000,35.55,46.39,0.0000,0.0000,0.2222,0.0000,0.0000,0.0000,9,9,0
P16,SITE1,map,C,2,6,56.11,11.32,6,1.89,44.79,0,7,0,7,2888.35,2.58,3.41,32.24,57.08,40.73,15.31,45.13,42.58,28.52,52.23,28.52,0.1667,28.52,52.23,0.1667,0.1667,0.5000,0.0000,0.0000,0.0000,6,6,0
P16,SITE1,tsunami,A,1,1,55.92,13.42,6,2.24,42.49,0,0,16,16,3994.73,1.93,1.61,86.20,93.44,81.70,84.56,64.24,10.47,90.14,55.95,55.95,0.0000,,,,,,,,,0,15,0
P16,SITE1,tsunami,B,1,2,39.42,8.55,6,1.43,30.87,0,0,15,15,2895.69,1.34,1.32,30.90,32.31,8.25,22.87,52.41,7.82,89.17,59.60,59.60,0.0000,,,,,,,,,0,14,0
P16,SITE1,tsunami,C,1,3,44.18,7.82,6,1.30,36.36,0,0,14,14,3018.08,1.37,1.29,54.37,80.50,94.83,47.76,67.84,30.19,86.50,57.01,57.01,0.0000,,,,,,,,,0,13,0
P17,SITE1,baseline,A,3,9,86.02,13.54,6,2.26,72.47,37,0,0,37,3074.19,0.94,1.19,18.34,27.64,6.24,13.47,30.19,15.42,81.44,73.30,71.84,0.0000,,,,,,,,,0,36,0
P17,SITE1,baseline,B,3,10,66.18,14.61,6,2.43,51.57,32,0,0,32,2906.21,0.95,1.11,12.18,24.76,3.09,9.97,52.81,15.23,85.46,67.91,66.89,0.0000,,,,,,,,,0,31,0
P17,SITE1,baseline,C,3,11,60.98,12.88,6,2.15,48.10,31,0,0,31,2963.06,0.91,1.07,11.58,24.27,4.91,9.07,33.14,16.11,79.95,70.93,70.33,0.0000,,,,,,,,,0,30,0
P17,SITE1,map,A,2,6,58.37,28.88,6,4.81,29.50,0,7,0,7,3007.71,5.81,3.31,35.10,69.08,74.03,28.39,35.20,42.65,38.49,44.95,38.14,0.0000,38.49,44.95,0.0000,0.0000,0.1667,0.0000,0.0000,0.0000,6,6,0
P17,SITE1,map,B,2,7,49.34,22.18,6,3.70,27.16,0,7,0,7,2861.51,4.88,2.82,21.56,81.06,91.27,6.10,88.88,77.62,43.45,54.89,42.49,0.0000,43.45,54.89,0.0000,0.0000,0.0000,0.0000,0.0000,0.0000,6,6,0
P17,SITE1,map,C,2,5,63.62,26.87,6,4.48,36.75,0,7,0,7,2905.80,5.95,3.92,42.77,92.00,95.56,13.20,85.89,71.91,39.82,48.50,37.55,0.0000,39.82,48.50,0.0000,0.0000,0.0000,0.0000,0.0000,0.0000,6,6,0
P17,SITE1,tsunami,A,1,3,63.74,17.13,6,2.85,46.62,0,0,16,16,3397.00,2.10,1.42,59.84,76.13,51.56,59.04,44.26,15.78,76.36,62.65,62.40,0.0000,,,,,,,,,0,15,0
P17,SITE1,tsunami,B,1,1,63.34,24.28,6,4.05,39.06,0,0,15,15,2909.20,2.86,1.40,29.20,36.53,8.13,23.71,37.76,13.28,75.38,63.81,63.66,0.0000,,,,,,,,,0,14,0
P17,SITE1,tsunami,C,1,2,66.83,22.14,6,3.69,44.69,0,0,17,17,3208.20,2.48,1.43,48.53,57.73,47.06,47.37,27.30,10.48,79.38,62.72,62.72,0.0000,,,,,,,,,0,16,0
P18,SITE1,baseline,A,3,11,81.86,11.34,6,1.89,70.52,28,0,0,28,3120.22,1.24,1.71,24.80,29.91,15.79,22.08,51.64,6.42,85.35,79.47,78.62,0.0000,,,,,,,,,0,27,0
P18,SITE1,baseline,B,3,9,92.23,14.72,6,2.45,77.51,26,0,0,26,3008.20,1.51,2.08,23.48,39.85,14.43,21.36,34.43,15.97,92.74,77.00,76.24,0.0000,,,,,,,,,0,25,0
P18,SITE1,baseline,C,3,10,96.92,13.71,6,2.29,83.21,29,0,0,29,3133.02,1.52,1.73,36.59,41.14,17.55,23.75,41.21,18.77,87.69,72.78,72.43,0.0000,,,,,,,,,0,28,0
P18,SITE1,map,A,2,5,62.27,19.95,6,3.33,42.32,0,7,0,7,2990.10,5.15,4.40,39.76,63.27,49.72,39.75,25.41,24.34,60.13,77.64,60.13,0.0000,60.13,77.64,0.0000,0.0000,0.0000,0.0000,0.0000,0.0000,6,6,0
P18,SITE1,map,B,2,6,49.86,14.72,6,2.45,35.14,0,7,0,7,2895.87,3.90,3.66,34.33,69.60,74.81,21.48,64.61,56.23,59.46,81.38,59.46,0.0000,59.46,81.38,0.0000,0.0000,0.0000,0.0000,0.0000,0.0000,6,6,0
P18,SITE1,map,C,2,7,57.48,23.77,6,3.96,33.70,0,7,0,7,2891.61,5.15,3.73,33.89,131.57,137.19,11.83,126.48,120.50,53.97,70.87,53.97,0.0000,53.97,70.87,0.0000,0.0000,0.0000,0.0000,0.0000,0.0000,6,6,0
P18,SITE1,tsunami,A,1,2,110.74,17.04,6,2.84,93.70,0,0,18,18,3305.58,2.83,2.66,74.50,93.38,61.65,74.41,62.24,18.23,103.86,76.61,76.61,0.0000,,,,,,,,,0,17,0
P18,SITE1,tsunami,B,1,3,76.98,12.91,6,2.15,64.07,0,0,14,14,3187.15,2.98,2.62,96.55,107.10,130.47,99.13,37.23,6.61,102.88,75.77,75.77,0.0000,,,,,,,,,0,13,0
P18,SITE1,tsunami,C,1,1,109.02,22.83,6,3.81,86.19,0,0,15,15,3222.75,4.55,2.92,122.60,128.98,151.38,125.30,49.94,5.98,104.55,74.28,74.28,0.0000,,,,,,,,,0,14,0
P19,SITE1,baseline,A,3,11,58.07,16.22,6,2.70,41.85,99,0,0,99,3113.49,0.44,0.14,8.96,14.96,5.74,7.10,56.83,9.97,89.39,65.25,65.25,0.0000,,,,,,,,,0,98,0
P19,SITE1,baseline,B,3,9,78.50,28.59,6,4.76,49.91,62,0,0,62,2980.00,0.84,0.36,10.87,16.31,3.74,9.95,52.63,5.52,79.23,60.11,60.11,0.0000,,,,,,,,,0,61,0
P19,SITE1,baseline,C,3,10,46.73,9.61,6,1.60,37.12,67,0,0,67,3048.08,0.50,0.19,15.38,21.26,2.80,14.04,62.26,9.06,80.34,71.34,70.65,0.0000,,,,,,,,,0,66,0
P19,SITE1,map,A,2,5,51.20,26.63,6,4.44,24.57,0,7,0,7,2994.73,4.23,2.90,17.58,54.62,47.05,11.89,38.29,43.93,33.16,45.34,30.76,0.1667,33.16,45.34,0.0000,0.1667,0.3333,0.0000,0.0000,0.0000,6,6,0
P19,SITE1,map,B,2,6,42.41,17.96,6,2.99,24.45,0,7,0,7,2881.10,3.74,2.82,14.14,45.51,18.71,3.59,52.48,46.54,35.15,50.93,35.15,0.0000,35.15,50.93,0.0000,0.0000,0.1667,0.0000,0.0000,0.0000,6,6,0
P19,SITE1,map,C,2,7,51.73,18.77,6,3.13,32.96,0,7,0,7,2894.82,3.79,4.11,17.56,66.36,60.67,4.36,104.87,61.74,35.87,46.06,33.27,0.0000,35.87,46.06,0.0000,0.0000,0.0000,0.0000,0.0000,0.0000,6,6,0
P19,SITE1,tsunami,A,1,2,43.27,9.04,6,1.51,34.23,0,0,17,17,3116.94,1.39,0.96,69.31,83.04,78.98,62.83,58.40,20.38,77.13,53.88,53.85,0.0000,,,,,,,,,0,16,0
P19,SITE1,tsunami,B,1,3,31.08,8.24,6,1.37,22.84,0,0,14,14,2919.61,1.33,0.92,49.08,49.39,27.91,43.01,51.81,5.45,77.76,62.96,62.24,0.0000,,,,,,,,,0,13,0
P19,SITE1,tsunami,C,1,1,35.01,9.52,6,1.59,25.49,0,0,13,13,2931.55,1.65,1.08,48.07,49.20,30.31,45.48,27.83,4.83,83.98,53.29,53.29,0.0000,,,,,,,,,0,12,0
P20,SITE1,baseline,A,2,5,78.06,7.00,6,1.17,71.06,30,0,0,30,3129.89,0.94,1.67,35.48,35.48,5.93,31.41,23.72,5.63,77.77,54.38,53.32,0.0000,,,,,,,,,0,29,0
P20,SITE1,baseline,B,2,6,60.04,6.77,6,1.13,53.28,37,0,0,37,2942.79,0.77,0.80,18.28,23.60,3.78,14.85,22.69,8.39,66.24,52.43,51.63,0.0000,,,,,,,,,0,36,1
P20,SITE1,baseline,C,2,7,58.65,7.52,6,1.25,51.13,35,0,0,35,3113.66,0.78,0.78,25.93,33.49,13.22,23.66,31.84,13.80,75.94,59.19,57.62,0.0000,,,,,,,,,0,34,1
P20,SITE1,map,A,1,2,38.75,12.15,6,2.03,26.60,0,7,0,7,2995.73,2.81,3.08,34.47,74.47,60.69,34.48,59.66,48.57,59.94,51.13,44.78,0.0000,59.94,51.13,0.0000,0.0000,0.0000,0.0000,0.0000,0.0000,6,6,0
P20,SITE1,map,B,1,3,33.47,10.10,6,1.68,23.37,0,7,0,7,2892.15,2.27,2.72,28.53,80.31,84.67,9.59,81.46,73.46,46.28,49.93,41.75,0.0000,46.28,49.93,0.0000,0.0000,0.0000,0.0000,0.0000,0.0000,6,6,0
P20,SITE1,map,C,1,1,55.31,18.17,6,3.03,37.14,0,7,0,7,2896.73,4.43,3.75,40.18,56.02,66.14,27.10,44.81,31.57,30.25,46.79,30.14,0.5000,30.25,46.79,0.1667,0.5000,0.5000,0.0000,0.0000,0.0000,6,6,0
P20,SITE1,tsunami,A,3,11,42.09,6.40,6,1.07,35.69,0,0,13,13,4136.62,1.18,1.57,60.42,83.98,81.31,50.78,70.37,32.36,81.54,56.26,53.09,0.0000,,,,,,,,,0,12,0
P20,SITE1,tsunami,B,3,9,34.52,6.94,6,1.16,27.57,0,0,11,11,3016.79,1.69,1.53,103.65,117.16,129.46,103.06,78.65,19.72,89.32,63.87,57.02,0.0000,,,,,,,,,0,10,0
P20,SITE1,tsunami,C,3,10,34.49,5.84,6,0.97,28.65,0,0,13,13,2932.47,1.13,1.38,40.62,46.68,30.55,33.52,34.91,15.30,78.99,61.63,60.00,0.0000,,,,,,,,,0,12,0
P21,SITE1,baseline,A,1,2,83.26,10.21,6,1.70,73.05,35,0,0,35,3086.23,1.20,1.14,22.12,27.34,11.53,20.14,11.11,7.80,68.82,56.63,56.63,0.0000,,,,,,,,,0,34,0
P21,SITE1,baseline,B,1,3,63.66,9.85,6,1.64,53.81,27,0,0,27,2916.13,1.13,1.11,22.31,27.70,5.06,19.85,11.42,7.16,67.37,53.49,53.49,0.0000,,,,,,,,,0,26,0
P21,SITE1,baseline,C,1,1,91.29,10.84,6,1.81,80.46,30,0,0,30,3055.55,1.52,1.27,39.06,44.69,19.71,36.78,13.24,7.87,68.14,53.14,53.14,0.0000,,,,,,,,,0,29,0
P21,SITE1,map,A,3,11,40.80,13.39,6,2.23,27.41,0,7,0,7,2995.41,3.40,2.84,80.30,91.51,86.80,39.88,61.30,62.62,54.82,69.70,54.82,0.0000,54.82,69.70,0.0000,0.0000,0.0000,0.0000,0.0000,0.0000,6,6,0
P21,SITE1,map,B,3,9,53.30,18.83,6,3.14,34.47,0,7,0,7,2881.99,4.87,3.04,63.41,62.85,69.32,58.27,5.49,13.34,37.01,58.42,37.01,0.0000,37.01,58.42,0.0000,0.0000,0.1667,0.0000,0.0000,0.0000,6,6,0
P21,SITE1,map,C,3,10,59.17,23.56,6,3.93,35.61,0,7,0,7,2917.44,5.12,2.65,65.57,60.75,55.13,33.13,32.05,35.77,29.38,58.23,29.38,0.1667,29.38,58.23,0.0000,0.1667,0.1667,0.0000,0.0000,0.0000,6,6,0
P21,SITE1,tsunami,A,2,5,63.27,12.23,6,2.04,51.04,0,0,14,14,3191.88,2.59,1.97,107.26,108.56,123.23,104.66,9.79,4.84,66.16,61.28,59.87,0.0000,,,,,,,,,0,13,0
P21,SITE1,tsunami,B,2,6,46.11,9.50,6,1.58,36.60,0,0,12,12,2943.74,2.30,1.58,87.49,89.70,80.74,84.67,13.28,3.79,64.87,59.97,58.75,0.0000,,,,,,,,,0,11,0
P21,SITE1,tsunami,C,2,7,47.45,9.12,6,1.52,38.33,0,0,13,13,2977.94,1.93,1.76,74.14,76.55,65.97,72.40,14.32,5.14,70.58,65.65,65.08,0.0000,,,,,,,,,0,12,0
P22,SITE1,baseline,A,2,7,78.86,9.78,6,1.63,69.07,39,0,0,39,3103.02,1.05,0.97,33.21,31.98,11.17,23.77,43.47,9.75,101.31,58.80,58.80,0.0000,,,,,,,,,0,38,0
P22,SITE1,baseline,B,2,5,79.08,12.63,6,2.11,66.45,29,0,0,29,2957.35,1.15,1.38,28.95,39.62,5.12,24.54,57.73,13.86,96.11,57.84,57.84,0.0000,,,,,,,,,0,28,0
P22,SITE1,baseline,C,2,6,92.26,11.87,6,1.98,80.39,37,0,0,37,3375.00,1.19,1.20,41.36,47.18,18.00,28.48,43.24,20.42,97.08,61.92,61.92,0.0000,,,,,,,,,0,36,0
P22,SITE1,map,A,3,10,44.22,14.26,6,2.38,29.96,0,7,0,7,3010.49,3.10,3.59,23.03,90.65,86.45,-15.62,105.82,97.50,41.70,33.14,33.14,0.1667,41.70,33.14,0.0000,0.0000,0.0000,0.0000,0.1667,0.3333,6,6,0
P22,SITE1,map,B,3,11,45.28,15.47,6,2.58,29.81,0,7,0,7,2891.62,3.29,3.60,37.13,74.48,68.90,-5.53,83.53,76.53,51.60,43.67,41.24,0.0000,51.60,43.67,0.0000,0.0000,0.0000,0.0000,0.0000,0.0000,6,6,0
P22,SITE1,map,C,3,9,66.70,19.37,6,3.23,47.33,0,7,0,7,2886.88,4.50,4.70,57.55,58.43,38.22,45.98,21.68,22.15,49.33,60.91,49.33,0.0000,49.33,60.91,0.0000,0.0000,0.1667,0.0000,0.0000,0.0000,6,6,0
P22,SITE1,tsunami,A,1,1,80.32,11.99,6,2.00,68.33,0,0,24,24,4452.62,1.49,1.86,41.84,55.56,29.54,27.04,69.84,32.71,94.95,57.09,57.09,0.0000,,,,,,,,,0,23,0
P22,SITE1,tsunami,B,1,2,42.18,9.46,6,1.58,32.72,0,0,13,13,2957.66,1.45,1.85,35.46,89.20,71.39,24.85,86.36,71.86,94.07,59.67,59.66,0.0000,,,,,,,,,0,12,0
P22,SITE1,tsunami,C,1,3,40.34,10.95,6,1.83,29.39,0,0,12,12,2983.16,1.63,1.80,38.70,78.29,74.28,21.51,89.68,57.98,88.03,45.16,45.16,0.0000,,,,,,,,,0,11,0
P23,SITE1,baseline,A,3,10,99.58,11.36,6,1.89,88.22,31,0,0,31,3103.17,1.38,1.69,28.11,34.06,17.50,27.19,26.96,7.86,99.15,74.12,74.11,0.0000,,,,,,,,,0,30,0
P23,SITE1,baseline,B,3,11,72.79,8.79,6,1.46,64.00,28,0,0,28,2895.16,1.17,1.45,12.88,18.41,3.26,9.56,21.18,7.68,98.36,78.63,78.54,0.0000,,,,,,,,,0,27,0
P23,SITE1,baseline,C,3,9,111.96,11.99,6,2.00,99.96,29,0,0,29,3039.91,1.66,2.03,39.98,45.09,17.60,34.22,19.48,26.70,80.53,89.36,71.98,0.0000,,,,,,,,,0,28,0
P23,SITE1,map,A,1,1,88.61,29.06,6,4.84,59.55,0,7,0,7,3007.77,6.96,6.15,79.74,84.79,74.93,79.43,3.15,8.36,47.35,62.18,47.35,0.0000,47.35,62.18,0.0000,0.0000,0.0000,0.0000,0.0000,0.0000,6,6,0
P23,SITE1,map,B,1,2,87.43,26.01,6,4.34,61.42,0,7,0,7,2847.37,4.54,6.18,57.50,59.29,57.12,51.80,15.89,11.93,45.99,68.37,45.63,0.0000,45.99,68.37,0.0000,0.0000,0.1667,0.0000,0.0000,0.0000,6,6,0
P23,SITE1,map,C,1,3,56.41,11.99,6,2.00,44.42,0,7,0,7,2898.07,2.69,4.72,19.87,105.80,102.23,-2.69,106.10,113.11,41.22,55.30,40.62,0.1667,41.22,55.30,0.0000,0.1667,0.1667,0.0000,0.0000,0.0000,6,6,0
P23,SITE1,tsunami,A,2,7,85.05,15.75,6,2.63,69.30,0,0,15,15,3789.64,2.21,3.12,42.83,71.45,48.41,41.32,29.69,32.74,73.33,77.22,70.30,0.0000,,,,,,,,,0,14,0
P23,SITE1,tsunami,B,2,5,93.55,16.61,6,2.77,76.94,0,0,16,16,3024.00,3.08,2.81,78.85,79.94,74.91,75.69,10.88,6.63,81.10,71.58,67.74,0.0000,,,,,,,,,0,15,0
P23,SITE1,tsunami,C,2,6,69.20,15.84,6,2.64,53.37,0,0,12,12,2967.80,3.05,2.69,51.87,56.16,39.06,50.37,2.47,20.67,63.78,84.46,63.78,0.0000,,,,,,,,,0,11,0
P24,SITE1,baseline,A,1,1,86.16,14.00,6,2.33,72.16,90,0,0,90,3180.24,0.55,0.31,15.07,20.70,6.07,9.51,14.57,14.87,75.14,59.28,58.31,0.0000,,,,,,,,,0,89,0
P24,SITE1,baseline,B,1,2,52.51,7.73,6,1.29,44.78,43,0,0,43,2976.67,0.70,0.48,16.20,15.50,2.94,12.23,13.91,3.58,82.93,59.97,59.97,0.0000,,,,,,,,,0,42,0
P24,SITE1,baseline,C,1,3,69.19,11.25,6,1.88,57.94,47,0,0,47,3003.67,0.66,0.73,12.94,24.57,11.97,11.37,42.74,14.40,87.44,68.09,67.94,0.0000,,,,,,,,,0,46,0
P24,SITE1,map,A,2,7,29.71,8.55,6,1.42,21.16,0,7,0,7,2987.05,1.84,2.63,16.33,53.18,49.74,-1.87,55.31,57.00,55.19,40.48,40.48,0.0000,55.19,40.48,0.0000,0.0000,0.0000,0.0000,0.0000,0.0000,6,6,0
P24,SITE1,map,B,2,5,52.19,12.91,6,2.15,39.28,0,8,0,8,2889.55,2.91,3.93,36.46,73.47,70.63,29.76,42.77,46.53,54.74,32.80,32.80,0.0000,54.74,32.80,0.0000,0.0000,0.0000,0.0000,0.0000,0.0000,7,7,0
P24,SITE1,map,C,2,6,37.48,12.11,6,2.02,25.37,0,7,0,7,2889.86,2.51,3.14,34.11,112.80,105.57,18.47,95.27,95.84,65.11,34.64,34.64,0.3333,65.11,34.64,0.0000,0.0000,0.0000,0.1667,0.3333,0.3333,6,6,0
P24,SITE1,tsunami,A,3,10,50.77,8.92,6,1.49,41.85,0,0,22,22,3415.17,1.08,1.03,40.74,41.18,8.93,33.38,22.23,6.40,79.31,62.63,62.63,0.0000,,,,,,,,,0,21,0
P24,SITE1,tsunami,B,3,11,36.83,6.14,6,1.02,30.69,0,0,15,15,2923.72,1.23,1.23,62.63,64.60,33.17,56.51,39.35,5.80,83.17,63.49,63.49,0.0000,,,,,,,,,0,14,0
P24,SITE1,tsunami,C,3,9,66.95,8.94,6,1.49,58.01,0,0,29,29,3168.82,0.99,1.05,39.41,71.95,78.08,36.27,44.98,36.31,80.59,63.25,63.09,0.0000,,,,,,,,,0,28,0
P01,SITE2,baseline,A,1,1,80.70,17.94,6,2.99,62.76,42,0,0,42,3082.51,0.96,0.85,14.85,19.92,10.91,11.10,17.45,7.40,77.69,54.56,54.23,0.0000,,,,,,,,,0,41,0
P01,SITE2,baseline,B,1,2,63.34,10.77,6,1.79,52.57,33,0,0,33,2893.64,0.88,1.06,14.30,19.06,8.82,12.12,29.52,4.13,82.36,67.76,66.70,0.0000,,,,,,,,,0,32,0
P01,SITE2,baseline,C,1,3,65.27,11.90,6,1.98,53.37,36,0,0,36,3229.72,0.82,0.89,20.41,36.81,20.39,16.98,41.56,20.75,79.37,73.06,72.10,0.0000,,,,,,,,,0,35,0
P01,SITE2,map,A,2,7,52.26,16.57,6,2.76,35.69,0,7,0,7,3003.49,3.45,3.76,26.72,95.02,95.20,-25.47,109.62,98.43,31.20,49.16,26.07,0.1667,31.20,49.16,0.0000,0.1667,0.5000,0.0000,0.0000,0.0000,6,6,0
P01,SITE2,map,B,2,5,110.15,36.29,6,6.05,73.85,0,10,0,10,3121.32,6.21,5.29,69.98,101.64,92.17,53.59,50.29,46.74,31.81,62.06,30.82,0.3333,31.81,62.06,0.3333,0.3333,0.3333,0.0000,0.0000,0.0000,9,9,0
P01,SITE2,map,C,2,6,83.97,30.40,6,5.07,53.56,0,7,0,7,2899.74,6.43,5.26,78.94,107.43,137.90,79.15,26.23,39.18,31.70,69.08,31.70,0.1667,31.70,69.08,0.0000,0.1667,0.5000,0.0000,0.0000,0.0000,6,6,0
P01,SITE2,tsunami,A,3,10,47.59,15.91,6,2.65,31.68,0,0,15,15,3028.47,1.83,1.21,38.23,48.22,39.59,34.81,58.62,6.35,83.06,75.09,74.13,0.0000,,,,,,,,,0,14,0
P01,SITE2,tsunami,B,3,11,52.09,12.68,6,2.11,39.41,0,0,17,17,2891.76,1.41,1.59,23.79,42.02,19.78,22.45,67.73,13.16,83.54,76.40,75.62,0.0000,,,,,,,,,0,16,0
P01,SITE2,tsunami,C,3,9,71.45,19.20,6,3.20,52.26,0,0,28,28,2953.16,1.23,1.03,15.17,26.22,13.25,13.84,53.79,8.74,84.38,78.74,76.94,0.0000,,,,,,,,,0,27,0
P02,SITE2,baseline,A,1,3,74.60,7.39,6,1.23,67.21,39,0,0,39,3350.21,0.76,1.09,27.31,32.36,9.16,23.09,23.04,9.40,85.96,77.34,74.41,0.0000,,,,,,,,,0,38,0
P02,SITE2,baseline,B,1,1,70.30,15.83,6,2.64,54.48,34,0,0,34,2935.36,1.17,0.85,27.05,30.09,6.10,24.28,32.41,4.00,82.78,80.00,74.74,0.0000,,,,,,,,,0,33,1
P02,SITE2,baseline,C,1,2,56.02,8.46,6,1.41,47.56,33,0,0,33,3140.62,0.96,0.74,36.51,47.75,24.86,33.00,48.08,14.44,84.51,72.50,70.65,0.0000,,,,,,,,,0,32,0
P02,SITE2,map,A,2,6,45.37,9.00,6,1.50,36.37,0,13,0,13,3034.64,1.20,2.34,8.77,47.10,43.68,1.60,60.04,42.20,46.55,70.09,46.55,0.1667,46.55,70.09,0.0833,0.1667,0.1667,0.0000,0.0833,0.0833,12,12,0
P02,SITE2,map,B,2,7,55.59,10.98,6,1.83,44.61,0,17,0,17,2943.20,1.24,2.09,16.83,79.14,69.60,2.83,80.96,74.22,41.87,66.22,41.87,0.0625,41.87,66.22,0.0000,0.0625,0.1875,0.0000,0.0000,0.0000,16,16,0
P02,SITE2,map,C,2,5,48.77,8.74,6,1.46,40.04,0,9,0,9,2899.61,1.77,3.20,17.59,121.01,118.91,-0.47,112.76,119.73,23.96,68.13,23.96,0.6250,23.96,68.13,0.3750,0.6250,0.6250,0.0000,0.0000,0.0000,8,8,0
P02,SITE2,tsunami,A,3,9,55.68,6.59,6,1.10,49.09,0,0,20,20,5038.86,1.05,1.62,55.06,100.88,122.52,51.84,70.96,47.14,84.88,68.58,65.32,0.0526,,,,,,,,,0,19,0
P02,SITE2,tsunami,B,3,10,49.90,11.56,6,1.93,38.35,0,0,16,16,2946.45,1.67,1.27,55.75,70.20,38.42,48.11,75.05,15.98,89.99,63.14,61.86,0.0000,,,,,,,,,0,15,0
P02,SITE2,tsunami,C,3,11,52.23,6.13,6,1.02,46.11,0,0,17,17,3398.55,1.31,1.78,62.11,74.21,61.49,40.20,44.09,38.61,91.13,64.57,63.83,0.0000,,,,,,,,,0,16,0
P03,SITE2,baseline,A,1,2,90.53,11.94,6,1.99,78.58,55,0,0,55,3101.83,0.75,0.78,13.26,16.43,8.26,7.43,23.82,8.72,95.50,60.96,60.96,0.0000,,,,,,,,,0,54,0
P03,SITE2,baseline,B,1,3,75.30,14.60,6,2.43,60.70,50,0,0,50,2905.70,0.79,0.70,14.17,15.95,2.99,10.80,28.06,5.39,93.72,65.14,65.14,0.0000,,,,,,,,,0,49,0
P03,SITE2,baseline,C,1,1,85.36,11.24,6,1.87,74.12,36,0,0,36,3045.11,1.28,1.08,38.45,46.86,11.31,31.19,33.17,17.10,91.31,54.63,54.56,0.0000,,,,,,,,,0,35,0
P03,SITE2,map,A,2,5,68.96,17.44,6,2.91,51.52,0,7,0,7,3001.85,5.53,4.50,66.39,66.24,76.23,62.07,5.63,4.30,29.83,52.74,29.83,0.0000,29.83,52.74,0.0000,0.0000,0.3333,0.0000,0.0000,0.0000,6,6,0
P03,SITE2,map,B,2,6,73.47,13.26,6,2.21,60.22,0,7,0,7,2882.89,3.74,5.30,54.19,60.68,67.58,50.55,9.79,11.05,31.72,51.24,31.72,0.1667,31.72,51.24,0.0000,0.1667,0.1667,0.0000,0.0000,0.0000,6,6,0
P03,SITE2,map,C,2,7,69.54,17.07,6,2.85,52.47,0,8,0,8,2923.00,3.79,5.15,60.74,91.55,68.15,59.76,35.58,32.86,34.10,58.68,34.10,0.1429,34.10,58.68,0.0000,0.1429,0.4286,0.0000,0.0000,0.0000,7,7,0
P03,SITE2,tsunami,A,3,11,67.23,13.06,6,2.18,54.16,0,0,13,13,3063.64,2.62,2.70,71.16,77.35,51.56,63.68,66.94,13.54,95.93,68.46,68.15,0.0000,,,,,,,,,0,12,0
P03,SITE2,tsunami,B,3,9,58.44,8.52,6,1.42,49.93,0,0,10,10,2918.28,2.20,3.05,62.34,69.80,81.26,59.30,46.09,14.68,94.47,67.65,67.52,0.0000,,,,,,,,,0,9,0
P03,SITE2,tsunami,C,3,10,71.68,8.16,6,1.36,63.51,0,0,14,14,3206.09,1.77,2.73,75.35,106.74,134.96,52.00,77.38,58.79,91.98,68.09,67.17,0.0000,,,,,,,,,0,13,0
P04,SITE2,baseline,A,3,10,74.16,11.72,6,1.95,62.43,38,0,0,38,3096.60,0.94,0.99,16.32,19.86,10.06,13.30,37.77,8.12,99.09,69.79,69.79,0.0000,,,,,,,,,0,37,0
P04,SITE2,baseline,B,3,11,57.56,10.02,6,1.67,47.54,32,0,0,32,2906.68,0.94,0.88,16.97,19.33,4.60,14.43,27.13,4.81,91.14,71.23,70.06,0.0000,,,,,,,,,0,31,0
P04,SITE2,baseline,C,3,9,60.94,8.35,6,1.39,52.59,38,0,0,38,3220.79,0.86,0.74,19.74,29.56,8.39,17.37,31.34,14.65,90.56,68.45,68.17,0.0000,,,,,,,,,0,37,0
P04,SITE2,map,A,1,1,48.49,12.97,6,2.16,35.52,0,7,0,7,2998.69,3.10,4.03,17.43,67.11,68.39,13.48,51.28,51.99,45.21,54.30,44.07,0.0000,45.21,54.30,0.0000,0.0000,0.1667,0.0000,0.0000,0.0000,6,6,0
P04,SITE2,map,B,1,2,96.30,50.15,6,8.36,46.15,0,7,0,7,2895.15,11.14,4.04,18.79,53.20,53.52,8.76,47.70,45.39,32.31,52.90,31.71,0.3333,32.31,52.90,0.0000,0.3333,0.5000,0.0000,0.0000,0.0000,6,6,0
P04,SITE2,map,C,1,3,47.79,13.98,6,2.33,33.82,0,7,0,7,2908.34,2.89,3.55,25.46,114.16,119.77,-1.13,126.78,118.51,48.13,49.94,42.22,0.0000,48.13,49.94,0.0000,0.0000,0.0000,0.0000,0.0000,0.0000,6,6,0
P04,SITE2,tsunami,A,2,7,61.92,10.19,6,1.70,51.73,0,0,14,14,3921.62,2.42,1.80,78.70,85.34,43.22,75.33,56.82,6.85,85.16,43.52,43.52,0.0000,,,,,,,,,0,13,0
P04,SITE2,tsunami,B,2,5,68.33,11.80,6,1.97,56.54,0,0,10,10,2944.53,3.21,3.68,86.83,88.35,80.41,83.29,30.13,2.34,92.09,48.09,48.09,0.0000,,,,,,,,,0,9,0
P04,SITE2,tsunami,C,2,6,57.84,8.84,6,1.47,49.00,0,0,11,11,2914.37,2.94,1.97,65.20,64.98,72.90,61.39,20.93,6.05,73.66,36.10,36.10,0.0000,,,,,,,,,0,10,0
P05,SITE2,baseline,A,3,9,64.27,7.04,6,1.17,57.23,37,0,0,37,3072.24,0.94,0.78,14.01,19.07,9.73,12.50,59.22,7.34,106.41,77.52,77.52,0.0000,,,,,,,,,0,36,0
P05,SITE2,baseline,B,3,10,59.01,7.26,6,1.21,51.74,30,0,0,30,2931.59,1.00,0.96,24.57,27.39,5.70,20.30,79.35,6.99,93.62,80.53,77.87,0.0000,,,,,,,,,0,29,0
P05,SITE2,baseline,C,3,11,67.41,7.71,6,1.29,59.69,36,0,0,36,3017.78,0.97,0.80,26.23,30.43,8.55,19.88,58.04,10.30,103.61,73.60,73.60,0.0000,,,,,,,,,0,35,0
P05,SITE2,map,A,1,3,53.26,10.49,6,1.75,42.78,0,7,0,7,3000.58,3.02,4.63,40.59,64.95,65.97,17.05,42.08,44.63,39.31,70.88,39.31,0.0000,39.31,70.88,0.0000,0.0000,0.0000,0.0000,0.0000,0.0000,6,6,0
P05,SITE2,map,B,1,1,68.09,13.46,6,2.24,54.63,0,8,0,8,2892.49,3.64,5.10,41.03,49.62,58.19,23.43,38.35,41.95,38.14,68.30,38.14,0.1429,38.14,68.30,0.1429,0.1429,0.1429,0.0000,0.0000,0.0000,7,7,0
P05,SITE2,map,C,1,2,83.10,11.79,6,1.97,71.31,0,13,0,13,2927.94,2.37,3.98,36.30,61.93,41.83,26.93,73.74,38.84,31.91,66.62,31.91,0.0833,31.91,66.62,0.0833,0.0833,0.3333,0.0000,0.0000,0.0000,12,12,0
P05,SITE2,tsunami,A,2,6,54.06,9.16,6,1.53,44.89,0,0,14,14,4013.62,1.87,2.05,53.42,59.58,48.18,52.82,63.01,3.94,83.82,48.37,48.37,0.0000,,,,,,,,,0,13,0
P05,SITE2,tsunami,B,2,7,48.75,8.56,6,1.43,40.19,0,0,22,22,2929.44,1.39,0.84,32.16,32.94,10.06,28.39,103.61,4.16,110.09,57.10,57.10,0.1429,,,,,,,,,0,21,0
P05,SITE2,tsunami,C,2,5,58.31,11.80,6,1.97,46.51,0,0,13,13,3097.84,2.85,1.44,82.84,91.49,89.70,82.41,73.89,5.28,83.60,49.14,48.39,0.0833,,,,,,,,,0,12,0
P06,SITE2,baseline,A,3,11,63.19,10.24,6,1.71,52.96,39,0,0,39,3077.57,0.80,0.80,14.88,16.34,7.09,10.15,22.16,6.86,92.56,69.55,69.55,0.0000,,,,,,,,,0,38,0
P06,SITE2,baseline,B,3,9,100.93,12.08,6,2.01,88.85,52,0,0,52,2947.12,0.97,1.02,19.52,17.51,4.28,11.95,25.08,7.82,89.64,65.79,65.70,0.0000,,,,,,,,,0,51,3
P06,SITE2,baseline,C,3,10,79.22,8.82,6,1.47,70.39,45,0,0,45,3207.00,0.82,0.92,17.35,30.47,14.41,14.70,28.00,18.16,94.36,65.39,65.39,0.0000,,,,,,,,,0,44,0
P06,SITE2,map,A,1,2,65.77,22.40,6,3.73,43.37,0,7,0,7,3008.05,5.33,4.39,47.61,70.94,69.01,44.23,30.57,29.23,70.85,51.15,47.25,0.0000,70.85,51.15,0.0000,0.0000,0.0000,0.0000,0.0000,0.0000,6,6,0
P06,SITE2,map,B,1,3,53.00,13.69,6,2.28,39.31,0,7,0,7,2887.63,3.52,4.21,31.32,45.97,34.08,13.92,29.95,28.32,45.56,57.60,44.93,0.0000,45.56,57.60,0.0000,0.0000,0.0000,0.0000,0.0000,0.0000,6,6,0
P06,SITE2,map,C,1,1,85.15,21.32,6,3.55,63.83,0,7,0,7,2898.49,5.85,5.65,54.30,70.30,73.07,51.74,36.16,22.58,33.81,66.25,33.81,0.0000,33.81,66.25,0.0000,0.0000,0.0000,0.0000,0.0000,0.0000,6,6,0
P06,SITE2,tsunami,A,2,5,97.63,20.27,6,3.38,77.36,0,0,19,19,3202.41,2.63,2.42,61.16,76.60,54.33,56.57,31.20,26.40,86.06,64.86,61.90,0.0000,,,,,,,,,0,18,0
P06,SITE2,tsunami,B,2,6,62.76,14.89,6,2.48,47.87,0,0,11,11,2959.70,3.23,2.46,56.26,65.71,54.67,49.46,33.95,22.90,96.60,66.00,66.00,0.0000,,,,,,,,,0,10,0
P06,SITE2,tsunami,C,2,7,59.87,10.11,6,1.68,49.76,0,0,11,11,2936.85,2.76,2.05,86.13,108.94,115.49,71.00,57.29,35.81,89.33,57.88,57.88,0.0000,,,,,,,,,0,10,0
P07,SITE2,baseline,A,2,7,56.92,12.43,6,2.07,44.50,55,0,0,55,3095.77,0.66,0.32,11.50,19.18,5.16,8.66,13.54,9.44,77.68,52.26,52.18,0.0000,,,,,,,,,0,54,0
P07,SITE2,baseline,B,2,5,85.55,14.12,6,2.35,71.42,33,0,0,33,2961.91,1.39,1.03,32.13,31.33,6.58,24.33,17.32,5.81,74.14,52.77,52.71,0.0000,,,,,,,,,0,32,0
P07,SITE2,baseline,C,2,6,68.22,16.27,6,2.71,51.94,32,0,0,32,2994.30,1.07,0.91,17.64,34.64,4.39,15.76,33.59,16.64,78.40,59.30,58.96,0.0323,,,,,,,,,0,31,0
P07,SITE2,map,A,3,10,61.17,18.94,6,3.16,42.23,0,8,0,8,3003.28,4.33,3.58,49.43,64.77,64.03,42.56,23.70,31.10,53.04,50.09,40.64,0.0000,53.04,50.09,0.0000,0.0000,0.1429,0.0000,0.0000,0.0000,7,7,0
P07,SITE2,map,B,3,11,67.33,25.42,6,4.24,41.91,0,7,0,7,2841.38,5.45,3.71,56.40,75.21,64.64,-0.34,68.55,75.93,44.34,56.73,39.93,0.1667,44.34,56.73,0.0000,0.1667,0.1667,0.0000,0.0000,0.0000,6,6,0
P07,SITE2,map,C,3,9,97.78,28.19,6,4.70,69.59,0,7,0,7,2899.03,7.52,4.61,83.30,64.21,74.68,36.33,20.85,33.24,60.42,60.68,55.69,0.0000,60.42,60.68,0.0000,0.0000,0.0000,0.0000,0.0000,0.0000,6,6,0
P07,SITE2,tsunami,A,1,1,131.18,36.59,6,6.10,94.59,0,0,17,17,3814.81,4.71,2.16,127.00,142.19,161.61,128.04,19.88,15.58,73.44,48.35,48.35,0.0000,,,,,,,,,0,16,0
P07,SITE2,tsunami,B,1,2,65.93,15.17,6,2.53,50.76,0,0,15,15,2922.38,2.14,1.90,38.53,41.87,19.83,34.75,14.57,6.06,67.36,45.65,44.75,0.0000,,,,,,,,,0,14,0
P07,SITE2,tsunami,C,1,3,67.14,16.48,6,2.75,50.66,0,0,13,13,3238.88,3.08,2.15,93.97,102.27,97.11,95.72,10.03,5.61,70.58,48.85,48.44,0.0000,,,,,,,,,0,12,0
P08,SITE2,baseline,A,2,6,74.97,8.96,6,1.49,66.01,52,0,0,52,3111.79,0.68,0.69,12.05,19.46,10.50,10.47,39.56,9.98,77.61,78.17,72.93,0.0000,,,,,,,,,0,51,0
P08,SITE2,baseline,B,2,7,56.79,10.60,6,1.77,46.19,38,0,0,38,2906.54,0.80,0.60,9.92,18.77,11.21,7.40,58.97,5.38,77.29,82.31,75.13,0.0000,,,,,,,,,0,37,0
P08,SITE2,baseline,C,2,5,88.13,10.81,6,1.80,77.31,35,0,0,35,3021.11,1.01,1.51,24.12,30.78,14.87,19.79,31.49,12.12,79.00,73.13,69.48,0.0000,,,,,,,,,0,34,0
P08,SITE2,map,A,3,9,83.19,25.48,6,4.25,57.71,0,11,0,11,3557.30,3.01,3.59,19.40,79.68,73.30,13.55,69.12,68.51,59.93,44.08,41.91,0.0000,59.93,44.08,0.0000,0.0000,0.0000,0.0000,0.0000,0.0000,10,10,0
P08,SITE2,map,B,3,10,63.68,23.24,6,3.87,40.45,0,7,0,7,2889.01,5.13,4.57,53.07,79.17,77.92,49.88,48.77,32.72,66.34,57.32,52.78,0.0000,66.34,57.32,0.0000,0.0000,0.0000,0.0000,0.0000,0.0000,6,6,0
P08,SITE2,map,C,3,11,47.08,15.37,6,2.56,31.70,0,7,0,7,2885.00,3.17,3.84,18.08,121.21,110.34,-11.85,122.73,131.66,65.88,45.63,45.63,0.0000,65.88,45.63,0.0000,0.0000,0.0000,0.0000,0.0000,0.0000,6,6,0
P08,SITE2,tsunami,A,1,3,93.17,19.90,6,3.32,73.27,0,0,14,14,3221.43,3.34,2.21,108.15,117.60,149.06,105.23,37.73,10.43,86.23,66.92,64.62,0.0000,,,,,,,,,0,13,0
P08,SITE2,tsunami,B,1,1,71.95,24.17,6,4.03,47.79,0,0,15,15,3149.74,3.05,1.63,44.35,76.20,72.41,41.74,48.65,35.12,80.66,69.96,69.73,0.0000,,,,,,,,,0,14,0
P08,SITE2,tsunami,C,1,2,68.89,10.76,6,1.79,58.13,0,0,23,23,3166.84,1.51,1.47,63.87,87.42,88.63,59.55,48.57,26.64,82.27,73.27,71.55,0.0000,,,,,,,,,0,22,0
P09,SITE2,baseline,A,2,5,88.81,11.39,6,1.90,77.42,30,0,0,30,3102.43,1.12,1.50,30.31,27.01,6.95,18.75,35.38,8.20,93.36,70.59,70.59,0.0000,,,,,,,,,0,29,0
P09,SITE2,baseline,B,2,6,52.15,9.47,6,1.58,42.68,29,0,0,29,2951.54,1.12,0.68,35.05,38.63,8.52,31.87,14.04,4.43,87.21,69.06,68.55,0.0000,,,,,,,,,0,28,0
P09,SITE2,baseline,C,2,7,53.90,5.46,6,0.91,48.43,34,0,0,34,2977.02,0.88,0.64,27.77,32.39,6.93,25.29,13.87,6.78,93.24,70.56,70.56,0.0000,,,,,,,,,0,33,0
P09,SITE2,map,A,3,11,32.76,7.97,6,1.33,24.79,0,7,0,7,2992.53,1.63,3.20,15.66,49.11,36.90,1.98,37.99,46.87,54.77,64.77,54.08,0.0000,54.77,64.77,0.0000,0.0000,0.0000,0.0000,0.0000,0.0000,6,6,0
P09,SITE2,map,B,3,9,75.30,20.26,6,3.38,55.04,0,10,0,10,2898.26,3.30,4.49,17.19,59.32,46.95,1.95,54.19,53.13,41.42,67.68,41.42,0.1111,41.42,67.68,0.0000,0.1111,0.1111,0.0000,0.0000,0.0000,9,9,0
P09,SITE2,map,C,3,10,50.93,10.65,6,1.77,40.28,0,7,0,7,2882.35,2.39,4.63,22.77,106.30,108.53,-3.58,113.51,118.11,33.60,53.68,33.60,0.3333,33.60,53.68,0.0000,0.3333,0.3333,0.0000,0.0000,0.0000,6,6,0
P09,SITE2,tsunami,A,1,2,52.77,8.87,6,1.48,43.90,0,0,14,14,3043.36,1.76,1.82,35.68,43.01,27.22,34.49,26.84,7.10,83.87,66.40,66.40,0.0000,,,,,,,,,0,13,0
P09,SITE2,tsunami,B,1,3,44.28,8.63,6,1.44,35.65,0,0,14,14,2925.32,1.64,1.61,37.18,53.19,50.58,34.80,41.39,19.84,76.29,59.84,59.84,0.0000,,,,,,,,,0,13,0
P09,SITE2,tsunami,C,1,1,75.11,13.60,6,2.27,61.51,0,0,13,13,3056.76,3.10,1.57,71.42,73.34,74.22,66.13,23.70,8.50,83.18,71.16,71.16,0.0000,,,,,,,,,0,12,0
P10,SITE2,baseline,A,1,1,174.44,12.79,6,2.13,161.64,37,0,0,37,3088.99,1.49,3.09,13.99,22.35,18.89,12.02,16.26,12.39,91.49,77.36,77.12,0.0000,,,,,,,,,0,36,0
P10,SITE2,baseline,B,1,2,97.78,10.20,6,1.70,87.59,22,0,0,22,3046.52,1.72,2.77,38.23,39.42,3.49,36.30,11.44,3.27,89.42,71.18,71.18,0.0000,,,,,,,,,0,21,0
P10,SITE2,baseline,C,1,3,108.86,8.63,6,1.44,100.23,21,0,0,21,2903.01,1.48,3.28,26.19,24.39,4.50,18.28,10.39,5.30,98.15,69.98,69.98,0.0000,,,,,,,,,0,20,0
P10,SITE2,map,A,3,10,50.84,14.30,6,2.38,36.53,0,7,0,7,2986.62,3.02,4.53,21.48,60.38,57.74,13.41,40.60,49.15,47.93,70.64,47.93,0.0000,47.93,70.64,0.0000,0.0000,0.0000,0.0000,0.0000,0.0000,6,6,0
P10,SITE2,map,B,3,11,76.48,14.18,6,2.36,62.30,0,8,0,8,3005.67,4.08,5.81,53.70,64.54,68.77,21.41,46.56,44.27,40.03,62.19,39.10,0.0000,40.03,62.19,0.0000,0.0000,0.0000,0.0000,0.0000,0.0000,7,7,0
P10,SITE2,map,C,3,9,87.75,35.64,6,5.94,52.12,0,7,0,7,2877.10,6.06,6.06,35.62,57.52,61.39,24.29,33.03,31.85,30.52,61.32,30.52,0.0000,30.52,61.32,0.0000,0.0000,0.0000,0.0000,0.0000,0.0000,6,6,0
P10,SITE2,tsunami,A,2,7,64.22,6.34,6,1.06,57.88,0,0,13,13,3437.10,1.97,2.97,85.96,94.99,90.99,85.28,29.51,7.59,88.99,75.32,75.32,0.0000,,,,,,,,,0,12,0
P10,SITE2,tsunami,B,2,5,59.51,8.59,6,1.43,50.91,0,0,13,13,2927.51,2.10,2.59,68.03,67.46,65.45,64.16,8.39,2.63,81.98,68.86,68.86,0.0000,,,,,,,,,0,12,0
P10,SITE2,tsunami,C,2,6,66.01,8.10,6,1.35,57.91,0,0,13,13,3124.49,2.17,3.01,101.46,107.60,109.97,101.75,24.24,6.03,87.75,74.87,74.72,0.0000,,,,,,,,,0,12,0
P11,SITE2,baseline,A,1,3,119.00,13.75,6,2.29,105.24,43,0,0,43,3399.42,1.37,1.16,32.06,43.39,13.42,25.95,33.26,19.15,97.17,66.28,66.28,0.0000,,,,,,,,,0,42,0
P11,SITE2,baseline,B,1,1,85.94,21.30,6,3.55,64.65,28,0,0,28,3027.06,1.96,1.09,29.23,29.52,4.87,26.73,10.38,3.19,89.43,67.34,67.34,0.0000,,,,,,,,,0,27,0
P11,SITE2,baseline,C,1,2,89.00,16.50,6,2.75,72.51,31,0,0,31,3053.61,1.41,1.31,28.56,42.51,32.45,26.31,29.20,16.94,92.01,68.72,68.28,0.0000,,,,,,,,,0,30,0
P11,SITE2,map,A,3,9,63.83,19.18,6,3.20,44.65,0,7,0,7,3000.38,5.33,4.38,37.06,69.33,71.07,34.80,35.46,46.09,48.07,54.41,45.09,0.0000,48.07,54.41,0.0000,0.0000,0.0000,0.0000,0.0000,0.0000,6,6,0
P11,SITE2,map,B,3,10,58.46,20.58,6,3.43,37.88,0,7,0,7,2895.26,5.30,3.76,33.47,75.94,96.33,18.05,74.28,53.11,40.94,57.91,40.32,0.0000,40.94,57.91,0.0000,0.0000,0.0000,0.0000,0.0000,0.0000,6,6,0
P11,SITE2,map,C,3,11,50.05,17.00,6,2.83,33.05,0,7,0,7,2915.47,3.93,3.59,27.05,119.80,134.39,-5.87,125.53,126.81,27.75,50.41,27.75,0.0000,27.75,50.41,0.0000,0.0000,0.5000,0.0000,0.0000,0.0000,6,6,0
P11,SITE2,tsunami,A,2,6,70.98,13.29,6,2.21,57.69,0,0,16,16,4094.42,2.34,1.45,87.35,97.22,85.85,92.05,39.35,6.37,99.85,70.58,70.58,0.0000,,,,,,,,,0,15,0
P11,SITE2,tsunami,B,2,7,59.60,20.49,6,3.41,39.11,0,0,14,14,2940.67,2.86,1.51,51.86,62.33,56.68,48.28,47.84,13.99,99.59,72.98,72.98,0.0000,,,,,,,,,0,13,0
P11,SITE2,tsunami,C,2,5,59.95,19.39,6,3.23,40.56,0,0,11,11,2906.31,3.39,1.67,59.51,59.34,68.68,55.67,22.34,4.47,94.95,70.83,70.83,0.0000,,,,,,,,,0,10,0
P12,SITE2,baseline,A,1,2,129.68,10.14,6,1.69,119.54,27,0,0,27,3142.21,1.78,2.70,38.73,44.74,19.60,35.76,10.98,7.76,62.87,59.64,58.55,0.0000,,,,,,,,,0,26,0
P12,SITE2,baseline,B,1,3,109.43,13.43,6,2.24,96.00,22,0,0,22,2933.76,1.71,3.10,25.87,30.32,14.07,24.58,21.90,5.24,64.17,62.37,60.01,0.0000,,,,,,,,,0,21,0
P12,SITE2,baseline,C,1,1,178.40,15.63,6,2.61,162.76,27,0,0,27,3072.53,2.21,3.55,46.40,56.93,31.88,46.75,12.38,11.36,61.84,61.90,58.55,0.0000,,,,,,,,,0,26,0
P12,SITE2,map,A,3,11,83.03,21.35,6,3.56,61.68,0,7,0,7,2935.51,4.88,6.67,60.22,96.37,98.15,49.33,56.13,54.36,47.70,65.30,47.70,0.0000,47.70,65.30,0.0000,0.0000,0.0000,0.0000,0.0000,0.0000,6,6,0
P12,SITE2,map,B,3,9,110.78,35.11,6,5.85,75.67,0,7,0,7,2805.02,7.88,8.95,65.95,58.68,63.68,51.58,5.95,8.01,40.50,70.74,40.50,0.0000,40.50,70.74,0.0000,0.0000,0.0000,0.0000,0.0000,0.0000,6,6,0
P12,SITE2,map,C,3,10,74.44,13.76,6,2.29,60.67,0,7,0,7,2878.20,4.18,5.66,56.93,59.58,59.31,56.75,14.05,12.07,41.74,70.79,41.45,0.0000,41.74,70.79,0.0000,0.0000,0.1667,0.0000,0.0000,0.0000,6,6,0
P12,SITE2,tsunami,A,2,5,151.01,14.70,6,2.45,136.30,0,0,18,18,4326.88,2.72,3.87,109.13,112.52,139.82,108.99,10.32,3.48,71.60,65.69,65.55,0.0000,,,,,,,,,0,17,0
P12,SITE2,tsunami,B,2,6,104.86,15.93,6,2.65,88.93,0,0,12,12,3266.37,3.31,4.98,117.61,119.04,100.70,113.44,9.65,6.69,68.27,66.65,64.32,0.0000,,,,,,,,,0,11,0
P12,SITE2,tsunami,C,2,7,99.18,17.16,6,2.86,82.02,0,0,14,14,3093.06,3.11,4.06,102.66,101.01,92.13,86.52,17.78,14.01,72.88,69.40,69.07,0.0000,,,,,,,,,0,13,0
P13,SITE2,baseline,A,2,7,95.41,8.38,6,1.40,87.04,51,0,0,51,3117.38,0.82,0.98,11.32,17.18,9.80,8.13,12.53,10.32,80.90,59.35,59.35,0.0000,,,,,,,,,0,50,0
P13,SITE2,baseline,B,2,5,86.51,10.79,6,1.80,75.72,30,0,0,30,2905.79,1.03,1.42,6.83,22.21,5.58,5.97,23.24,14.89,76.06,53.28,53.28,0.0000,,,,,,,,,0,29,0
P13,SITE2,baseline,C,2,6,103.74,9.76,6,1.63,93.98,39,0,0,39,3073.18,1.40,1.20,24.03,34.36,13.31,24.42,19.80,11.01,78.87,52.64,52.64,0.0263,,,,,,,,,0,38,0
P13,SITE2,map,A,1,1,68.41,20.66,6,3.44,47.75,0,7,0,7,3006.21,4.76,5.37,17.73,47.07,39.36,-0.47,42.09,46.65,34.89,55.79,34.89,0.0000,34.89,55.79,0.0000,0.0000,0.3333,0.0000,0.0000,0.0000,6,6,0
P13,SITE2,map,B,1,2,49.24,13.52,6,2.25,35.73,0,7,0,7,2884.80,3.27,4.06,15.05,54.28,53.20,7.01,48.43,49.56,28.73,62.94,28.73,0.1667,28.73,62.94,0.0000,0.1667,0.5000,0.0000,0.0000,0.0000,6,6,0
P13,SITE2,map,C,1,3,54.46,13.51,6,2.25,40.95,0,8,0,8,2909.10,2.89,4.07,25.33,116.71,117.79,-3.09,129.28,120.56,26.73,57.16,26.73,0.1429,26.73,57.16,0.1429,0.1429,0.5714,0.0000,0.0000,0.0000,7,7,0
P13,SITE2,tsunami,A,3,10,49.52,6.99,6,1.17,42.53,0,0,11,11,3018.69,1.96,2.52,61.37,60.80,49.72,56.46,5.08,2.83,77.73,40.27,40.27,0.3000,,,,,,,,,0,10,0
P13,SITE2,tsunami,B,3,11,62.78,11.71,6,1.95,51.07,0,0,16,16,3015.52,1.95,1.82,44.08,42.17,6.55,37.62,11.79,2.63,77.22,27.22,27.22,0.3333,,,,,,,,,0,15,0
P13,SITE2,tsunami,C,3,9,77.68,10.63,6,1.77,67.05,0,0,17,17,3038.48,2.32,1.89,69.92,72.20,75.86,67.82,17.24,3.86,82.58,62.83,62.56,0.0000,,,,,,,,,0,16,0
P14,SITE2,baseline,A,2,6,195.44,15.30,6,2.55,180.14,33,0,0,33,3136.08,2.51,2.87,31.59,32.21,16.96,23.73,11.69,8.97,76.14,69.31,68.65,0.0000,,,,,,,,,0,32,0
P14,SITE2,baseline,B,2,7,129.74,15.72,6,2.62,114.03,25,0,0,25,2894.61,2.30,2.84,20.76,19.95,6.71,15.53,15.76,4.44,75.24,73.65,72.20,0.0000,,,,,,,,,0,24,0
P14,SITE2,baseline,C,2,5,257.16,21.93,6,3.66,235.23,32,0,0,32,3294.30,3.44,3.81,45.76,55.48,22.10,40.73,19.26,14.70,70.00,64.09,63.49,0.0000,,,,,,,,,0,31,0
P14,SITE2,map,A,1,3,68.70,12.71,6,2.12,55.99,0,9,0,9,3024.35,3.60,4.03,47.18,72.29,52.91,43.53,35.11,27.74,45.62,62.38,45.62,0.0000,45.62,62.38,0.0000,0.0000,0.1250,0.0000,0.0000,0.0000,8,8,0
P14,SITE2,map,B,1,1,126.07,16.63,6,2.77,109.43,0,8,0,8,2889.76,5.53,8.29,58.14,62.07,81.42,58.88,10.93,5.25,41.47,54.85,41.47,0.0000,41.47,54.85,0.0000,0.0000,0.0000,0.0000,0.0000,0.0000,7,7,0
P14,SITE2,map,C,1,2,92.79,15.31,6,2.55,77.48,0,9,0,9,2906.81,4.86,5.81,53.01,64.06,54.59,57.15,13.51,7.64,36.07,55.07,36.07,0.1250,36.07,55.07,0.0000,0.1250,0.1250,0.0000,0.0000,0.0000,8,8,0
P14,SITE2,tsunami,A,3,9,104.41,16.48,6,2.75,87.93,0,0,14,14,3227.77,4.23,2.99,117.20,119.71,153.26,115.18,9.27,3.82,75.44,76.64,72.90,0.0000,,,,,,,,,0,13,0
P14,SITE2,tsunami,B,3,10,77.82,12.18,6,2.03,65.65,0,0,13,13,2903.75,3.03,2.62,43.89,44.30,35.61,40.11,6.24,3.05,75.53,69.96,68.53,0.0000,,,,,,,,,0,12,0
P14,SITE2,tsunami,C,3,11,110.53,16.92,6,2.82,93.61,0,0,16,16,3035.94,3.41,3.21,73.24,61.29,59.18,43.29,28.71,19.18,80.35,70.49,70.45,0.0000,,,,,,,,,0,15,0
P15,SITE2,baseline,A,2,5,78.63,12.54,6,2.09,66.09,32,0,0,32,3177.87,1.37,1.03,27.05,28.24,14.48,19.13,11.90,8.23,72.60,45.38,45.38,0.0000,,,,,,,,,0,31,0
P15,SITE2,baseline,B,2,6,68.90,11.04,6,1.84,57.87,23,0,0,23,2988.33,1.55,1.40,33.87,34.24,7.54,29.91,14.19,5.18,78.73,54.80,54.75,0.0000,,,,,,,,,0,22,0
P15,SITE2,baseline,C,2,7,68.54,8.60,6,1.43,59.95,27,0,0,27,3089.72,1.43,1.09,35.21,35.13,22.56,27.50,15.74,9.20,75.30,49.08,49.08,0.0000,,,,,,,,,0,26,0
P15,SITE2,map,A,1,2,66.67,14.74,6,2.46,51.93,0,12,0,12,3025.93,3.10,2.66,46.51,61.14,51.59,46.14,22.42,19.50,51.64,51.86,47.39,0.0000,51.64,51.86,0.0000,0.0000,0.0000,0.0000,0.0000,0.0000,11,11,0
P15,SITE2,map,B,1,3,55.38,13.78,6,2.30,41.61,0,8,0,8,2898.32,3.09,3.09,36.40,106.71,104.94,30.37,75.11,83.86,46.91,49.05,43.61,0.0000,46.91,49.05,0.0000,0.0000,0.0000,0.0000,0.0000,0.0000,7,7,0
P15,SITE2,map,C,1,1,72.69,21.55,6,3.59,51.15,0,9,0,9,2911.10,4.77,3.77,39.06,76.58,86.92,32.52,42.02,43.97,31.64,48.20,30.49,0.2500,31.64,48.20,0.2500,0.2500,0.3750,0.0000,0.0000,0.0000,8,8,0
P15,SITE2,tsunami,A,3,11,49.89,11.01,6,1.84,38.87,0,0,10,10,3243.57,2.74,1.90,85.85,87.43,84.43,82.05,21.15,5.80,73.86,54.43,53.96,0.0000,,,,,,,,,0,9,0
P15,SITE2,tsunami,B,3,9,49.77,15.23,6,2.54,34.53,0,0,13,13,2949.21,2.70,1.28,79.43,81.79,89.82,77.86,24.42,5.40,74.49,55.44,55.44,0.0000,,,,,,,,,0,12,0
P15,SITE2,tsunami,C,3,10,40.31,10.18,6,1.70,30.13,0,0,10,10,2945.16,2.42,1.47,61.43,65.61,55.00,59.74,22.37,8.37,74.67,58.42,58.42,0.0000,,,,,,,,,0,9,0
P16,SITE2,baseline,A,3,10,53.52,8.19,6,1.36,45.33,84,0,0,84,3094.42,0.35,0.25,6.41,14.62,6.58,5.03,46.33,10.14,94.04,62.61,62.43,0.0000,,,,,,,,,0,83,0
P16,SITE2,baseline,B,3,11,49.19,8.23,6,1.37,40.96,83,0,0,83,2896.60,0.28,0.31,5.69,7.93,3.22,-2.10,51.03,10.23,107.88,71.15,69.39,0.0000,,,,,,,,,0,82,1
P16,SITE2,baseline,C,3,9,65.46,9.37,6,1.56,56.09,95,0,0,95,3308.26,0.29,0.38,6.31,22.86,6.55,2.25,53.71,23.61,102.48,68.21,68.10,0.0000,,,,,,,,,0,94,0
P16,SITE2,map,A,2,7,34.65,12.78,6,2.13,21.87,0,7,0,7,2994.42,2.34,2.90,15.09,75.23,82.00,5.25,59.80,75.18,56.55,53.39,51.64,0.0000,56.55,53.39,0.0000,0.0000,0.0000,0.0000,0.0000,0.0000,6,6,0
P16,SITE2,map,B,2,5,47.74,18.14,6,3.02,29.59,0,7,0,7,2890.01,3.41,3.89,17.73,53.19,43.36,-0.37,56.63,54.96,57.57,52.52,50.06,0.0000,57.57,52.52,0.0000,0.0000,0.0000,0.0000,0.0000,0.0000,6,6,0
P16,SITE2,map,C,2,6,36.76,10.53,6,1.75,26.23,0,7,0,7,2896.43,2.01,3.48,22.45,109.09,111.14,1.00,121.34,108.61,45.41,50.21,38.99,0.0000,45.41,50.21,0.0000,0.0000,0.1667,0.0000,0.0000,0.0000,6,6,0
P16,SITE2,tsunami,A,1,1,62.64,12.98,6,2.16,49.65,0,0,20,20,3359.55,1.22,1.90,29.05,96.94,100.04,19.53,94.29,74.53,111.30,60.24,60.24,0.0000,,,,,,,,,0,19,0
P16,SITE2,tsunami,B,1,2,52.13,8.13,6,1.36,44.00,0,0,19,19,3018.69,0.76,1.67,7.18,48.34,26.24,2.52,64.51,44.47,115.36,53.90,53.90,0.0000,,,,,,,,,0,18,0
P16,SITE2,tsunami,C,1,3,44.09,8.45,6,1.41,35.64,0,0,14,14,2924.78,1.02,1.80,12.71,49.73,34.38,5.30,52.57,41.50,113.83,64.47,64.47,0.0000,,,,,,,,,0,13,0
P17,SITE2,baseline,A,3,9,116.52,9.53,6,1.59,106.98,65,0,0,65,3145.14,0.81,0.90,13.59,15.36,6.84,5.76,21.15,13.14,75.36,65.29,61.67,0.0000,,,,,,,,,0,64,0
P17,SITE2,baseline,B,3,10,71.95,10.72,6,1.79,61.23,39,0,0,39,2901.33,0.97,0.89,13.13,14.69,6.36,10.07,11.96,6.82,71.96,68.94,65.00,0.0000,,,,,,,,,0,38,0
P17,SITE2,baseline,C,3,11,72.78,11.52,6,1.92,61.26,32,0,0,32,2990.42,1.16,1.10,28.87,35.21,10.98,25.31,21.60,8.64,90.03,72.34,69.93,0.0000,,,,,,,,,0,31,0
P17,SITE2,map,A,2,6,73.05,20.17,6,3.36,52.88,0,7,0,7,2998.79,4.62,6.35,50.45,52.72,48.30,5.90,55.77,39.95,38.82,69.13,38.82,0.1667,38.82,69.13,0.1667,0.1667,0.1667,0.0000,0.0000,0.0000,6,6,0
P17,SITE2,map,B,2,7,54.86,19.48,6,3.25,35.38,0,7,0,7,2885.54,4.49,3.93,39.28,100.77,113.88,8.63,81.69,93.71,62.85,38.29,30.59,0.5000,62.85,38.29,0.0000,0.1667,0.1667,0.0000,0.3333,0.3333,6,6,0
P17,SITE2,map,C,2,5,82.52,23.73,6,3.95,58.79,0,7,0,7,2878.98,5.72,6.65,73.49,68.69,68.20,63.07,10.76,16.72,68.67,68.40,63.87,0.0000,68.67,68.40,0.0000,0.0000,0.0000,0.0000,0.0000,0.0000,6,6,0
P17,SITE2,tsunami,A,1,3,60.66,13.31,6,2.22,47.34,0,0,12,12,3351.12,2.81,2.36,112.22,107.83,132.72,101.58,25.30,6.79,79.77,47.53,47.53,0.0000,,,,,,,,,0,11,0
P17,SITE2,tsunami,B,1,1,76.89,16.95,6,2.82,59.95,0,0,12,12,3157.74,3.59,2.88,110.15,122.71,138.19,106.33,31.92,14.92,84.68,54.47,54.47,0.0000,,,,,,,,,0,11,0
P17,SITE2,tsunami,C,1,2,71.60,18.36,6,3.06,53.24,0,0,13,13,3189.67,3.29,2.31,96.66,95.72,93.36,91.44,25.30,5.83,74.71,36.94,29.89,0.1667,,,,,,,,,0,12,0
P18,SITE2,baseline,A,3,11,60.08,10.57,6,1.76,49.50,30,0,0,30,3062.16,1.01,0.99,24.23,26.36,7.27,22.84,11.50,4.28,70.05,59.22,58.02,0.0000,,,,,,,,,0,29,0
P18,SITE2,baseline,B,3,9,85.75,11.12,6,1.85,74.63,25,0,0,25,2921.90,1.02,2.09,21.77,25.68,3.42,15.18,13.58,9.26,67.48,52.66,52.16,0.0000,,,,,,,,,0,24,0
P18,SITE2,baseline,C,3,10,65.67,8.07,6,1.35,57.60,25,0,0,25,2930.48,0.92,1.69,24.96,26.92,5.14,19.57,17.23,8.28,72.34,58.08,56.90,0.0000,,,,,,,,,0,24,0
P18,SITE2,map,A,2,5,72.00,24.95,6,4.16,47.05,0,8,0,8,2987.74,3.54,4.93,26.01,42.83,34.87,14.12,36.13,30.28,45.23,43.95,40.20,0.0000,45.23,43.95,0.0000,0.0000,0.0000,0.0000,0.0000,0.1429,7,7,0
P18,SITE2,map,B,2,6,55.72,15.20,6,2.53,40.52,0,7,0,7,2879.50,4.27,3.98,57.17,57.60,56.09,53.33,9.83,4.03,52.38,54.30,51.90,0.0000,52.38,54.30,0.0000,0.0000,0.0000,0.0000,0.0000,0.0000,6,6,0
P18,SITE2,map,C,2,7,51.38,13.46,6,2.24,37.92,0,7,0,7,2886.24,3.61,4.13,63.02,62.02,64.85,56.57,6.70,4.00,62.20,64.14,61.31,0.0000,62.20,64.14,0.0000,0.0000,0.0000,0.0000,0.0000,0.0000,6,6,0
P18,SITE2,tsunami,A,1,2,62.94,13.42,6,2.24,49.52,0,0,13,13,3365.76,2.29,2.31,97.13,103.50,118.24,77.26,42.43,22.78,67.00,47.87,47.87,0.0000,,,,,,,,,0,12,0
P18,SITE2,tsunami,B,1,3,38.07,9.87,6,1.65,28.19,0,0,11,11,2913.05,1.73,1.53,49.87,58.15,53.78,41.84,34.51,16.98,69.30,46.18,46.18,0.0000,,,,,,,,,0,10,0
P18,SITE2,tsunami,C,1,1,87.04,21.06,6,3.51,65.98,0,0,14,14,3085.91,2.83,3.05,75.27,117.40,146.31,68.13,53.62,51.45,58.13,49.37,46.93,0.0000,,,,,,,,,0,13,0
