ParticipantUID,Method,Distance,Trial,SourceFile,HoldTime,LandingOffset_x,LandingOffset_z,OutlierError,GroupMedianError,GroupIQR,UpperFence,MatchingRepetitionCount,PeerError1,PeerError2,PeerMedianError,PeerErrorRange,OutlierToPeerMedianRatio,BothPeersWithinGroupFence,PeersSimilarAtGroupIQRScale,SupportsIsolatedFailure,VeryStrongIsolatedPattern,Interpretation,RawLogPath,AimSourceRow,TeleportSourceRow,AppearSourceRow,RawSequenceVerified,ProcessedErrorMatchesRaw,TargetConsistentTeleportToAppear,PHPosAvailable,PHPosToLandingDistance,SelectedPointMatchesLanding,DirectSelectionEvidence,ErrorFractionOfNominalDistance,LargeProtocolDeviation25Percent,ProcessedHoldTime,RawAimToTeleportTime,HoldTimeMatchesRaw,RapidConfirmThresholdSeconds,VeryLowAimToTeleportTime,RecommendedExclude,DecisionReason,RepeatedGrossDeviationCount,RepeatedFailureGroup,RepeatedFailureTrialExclude
SITE1_P03,map,200,3,P03_precision_map_4.csv,1.86,22.199999999999996,16.3,27.541,4.159,4.4174999999999995,13.627249999999998,2,1.769,14.459,8.113999999999999,12.69,3.394256840029579,false,false,false,false,"Outlier present, but the other repetitions do not uniquely support an isolated failure",SITE1/P03/P03_precision_map_4.csv,9,10,11,true,true,true,true,0,true,true,0.13770711673693556,false,1.86,1.86,true,0.25,false,false,Retain: matching repetitions do not support one isolated failure.,0,false,false
SITE1_P03,tsunami,200,3,P03_precision_tsunami_8.csv,2.871,19.599999999999994,0.3,19.602,3.454,4.4595,13.39575,2,1.897,9.657,5.777,7.76,3.3931106110437943,true,false,true,false,Supports one isolated failure: both other repetitions are in range,SITE1/P03/P03_precision_tsunami_8.csv,9,10,11,true,true,true,true,0,true,true,0.09801147891956324,false,2.871,2.871,true,0.25,false,false,Retain: isolated outlier but below the conservative 25% distance threshold.,0,false,false
SITE1_P03,baseline,200,6,P03_precision_baseline_0.csv,4.207,18.4,0.5,18.407,5.036,4.6995000000000005,14.681750000000001,2,7.801,9.443,8.622,1.6419999999999995,2.134887497100441,true,true,false,false,"Outlier present, but the other repetitions do not uniquely support an isolated failure",SITE1/P03/P03_precision_baseline_0.csv,18,19,20,true,true,true,false,nan,false,true,0.092033961123055,false,4.207,4.207,true,0.25,false,false,Retain: matching repetitions do not support one isolated failure.,0,false,false
SITE1_P03,map,200,9,P03_precision_map_4.csv,2.972,9.5,10.9,14.459,4.159,4.4174999999999995,13.627249999999998,2,1.769,27.541,14.655,25.772000000000002,0.9866257250085295,false,false,false,false,"Outlier present, but the other repetitions do not uniquely support an isolated failure",SITE1/P03/P03_precision_map_4.csv,27,28,29,true,true,true,true,0,true,true,0.07229453644640098,false,2.972,2.972,true,0.25,false,false,Retain: matching repetitions do not support one isolated failure.,0,false,false
SITE1_P03,tsunami,100,2,P03_precision_tsunami_8.csv,2.97,12.500000000000004,0.8,12.526,2.717,3.7375,10.768249999999998,2,8.031,9.813,8.922,1.782,1.4039453037435552,true,true,false,false,"Outlier present, but the other repetitions do not uniquely support an isolated failure",SITE1/P03/P03_precision_tsunami_8.csv,6,7,8,true,true,true,true,0,true,true,0.12525573839150048,false,2.97,2.97,true,0.25,false,false,Retain: matching repetitions do not support one isolated failure.,0,false,false
SITE1_P03,baseline,100,8,P03_precision_baseline_0.csv,2.555,10.400000000000002,0.9,10.439,2.72,2.4644999999999997,7.8942499999999995,2,5.277,6.21,5.7435,0.9329999999999998,1.8175328632367023,true,true,false,false,"Outlier present, but the other repetitions do not uniquely support an isolated failure",SITE1/P03/P03_precision_baseline_0.csv,24,25,26,true,true,true,false,nan,false,true,0.10438869670610897,false,2.555,2.555,true,0.25,false,false,Retain: matching repetitions do not support one isolated failure.,0,false,false
SITE1_P03,tsunami,50,7,P03_precision_tsunami_8.csv,2.598,8.899999999999991,0.5,8.914,2.309,2.9699999999999998,8.43,2,1.221,5.101,3.161,3.88,2.819993672888326,true,false,false,false,"Outlier present, but the other repetitions do not uniquely support an isolated failure",SITE1/P03/P03_precision_tsunami_8.csv,21,22,23,true,true,true,true,0,true,true,0.17828067758453225,false,2.598,2.598,true,0.25,false,false,Retain: matching repetitions do not support one isolated failure.,0,false,false
SITE1_P04,baseline,200,3,P04_precision_baseline_8.csv,0.125,176.5,3.4,176.533,5.036,4.6995000000000005,14.681750000000001,2,2.563,6.531,4.547,3.9679999999999995,38.824059819661315,true,true,true,true,Very strong: one extreme trial between two similar in-range repetitions,SITE1/P04/P04_precision_baseline_8.csv,14,15,16,true,true,true,false,nan,false,true,0.8826637241894559,true,0.125,0.125,true,0.25,true,true,Upper-IQR trial; error >=25% of nominal distance; verified aim-to-teleport interval <0.25 s; raw selected/landing point verified.,1,false,false
SITE1_P05,map,100,8,P05_precision_map_0.csv,1.556,11.3,-8.9,14.384,4.342,4.4670000000000005,13.6005,2,10.362,12.832,11.597000000000001,2.4700000000000006,1.240320772613607,true,true,false,false,"Outlier present, but the other repetitions do not uniquely support an isolated failure",SITE1/P05/P05_precision_map_0.csv,24,25,26,true,true,true,true,0,true,true,0.1438401890988746,false,1.556,1.556,true,0.25,false,false,Retain: matching repetitions do not support one isolated failure.,0,false,false
SITE1_P06,tsunami,200,3,P06_precision_tsunami_4.csv,2.414,-15.5,0.7,15.516,3.454,4.4595,13.39575,2,3.624,5.722,4.673,2.0980000000000003,3.3203509522790497,true,true,true,true,Very strong: one extreme trial between two similar in-range repetitions,SITE1/P06/P06_precision_tsunami_4.csv,9,10,11,true,true,true,true,0,true,true,0.07757899200170108,false,2.414,2.414,true,0.25,false,false,Retain: isolated outlier but below the conservative 25% distance threshold.,0,false,false
SITE1_P08,tsunami,50,7,P08_precision_tsunami_0.csv,1.434,9.099999999999994,0.6,9.12,2.309,2.9699999999999998,8.43,2,0.728,2.973,1.8504999999999998,2.245,4.928397730343151,true,true,true,true,Very strong: one extreme trial between two similar in-range repetitions,SITE1/P08/P08_precision_tsunami_0.csv,21,22,23,true,true,true,true,0,true,true,0.18239517537478878,false,1.434,1.434,true,0.25,false,false,Retain: isolated outlier but below the conservative 25% distance threshold.,0,false,false
SITE1_P11,tsunami,200,9,P11_precision_tsunami_4.csv,1.67,15.399999999999999,-1,15.432,3.454,4.4595,13.39575,2,1.217,3.189,2.2030000000000003,1.972,7.004993191103041,true,true,true,true,Very strong: one extreme trial between two similar in-range repetitions,SITE1/P11/P11_precision_tsunami_4.csv,27,28,29,true,true,true,true,0,true,true,0.0771621668954417,false,1.67,1.67,true,0.25,false,false,Retain: isolated outlier but below the conservative 25% distance threshold.,0,false,false
SITE1_P11,tsunami,50,7,P11_precision_tsunami_4.csv,1.398,12.5,-1,12.54,2.309,2.9699999999999998,8.43,2,2.102,3.65,2.876,1.548,4.360222531293463,true,true,true,true,Very strong: one extreme trial between two similar in-range repetitions,SITE1/P11/P11_precision_tsunami_4.csv,21,22,23,true,true,true,true,0,true,true,0.25079872407968906,true,1.398,1.398,true,0.25,false,true,Isolated upper-IQR trial; error >=25% of nominal distance; two matching repetitions in range; raw selected/landing point verified.,1,false,false
SITE1_P13,baseline,50,4,P13_precision_baseline_4.csv,0.763,-97.5,2,97.521,1.7,2.0340000000000003,6.0875,2,3.13,3.231,3.1805,0.10099999999999998,30.66216003772992,true,true,true,true,Very strong: one extreme trial between two similar in-range repetitions,SITE1/P13/P13_precision_baseline_4.csv,12,13,14,true,true,true,false,nan,false,true,1.9504102132628407,true,0.763,0.763,true,0.25,false,true,Isolated upper-IQR trial; error >=25% of nominal distance; two matching repetitions in range; raw selected/landing point verified.,1,false,false
SITE1_P13,tsunami,200,9,P13_precision_tsunami_8.csv,2.576,-27.700000000000003,0.5,27.705,3.454,4.4595,13.39575,2,3.202,4.785,3.9935,1.5830000000000002,6.937523475647927,true,true,true,true,Very strong: one extreme trial between two similar in-range repetitions,SITE1/P13/P13_precision_tsunami_8.csv,27,28,29,true,true,true,true,0,true,true,0.13852256133929955,false,2.576,2.576,true,0.25,false,false,Retain: isolated outlier but below the conservative 25% distance threshold.,0,false,false
SITE1_P13,tsunami,100,8,P13_precision_tsunami_8.csv,2.625,-14.099999999999998,0.5,14.109,2.717,3.7375,10.768249999999998,2,4.31,5.701,5.0055,1.391,2.818699430626311,true,true,false,false,"Outlier present, but the other repetitions do not uniquely support an isolated failure",SITE1/P13/P13_precision_tsunami_8.csv,24,25,26,true,true,true,true,0,true,true,0.141088624630053,false,2.625,2.625,true,0.25,false,false,Retain: matching repetitions do not support one isolated failure.,0,false,false
SITE1_P13,baseline,100,5,P13_precision_baseline_4.csv,1.598,11.500000000000004,-1.5,11.597,2.72,2.4644999999999997,7.8942499999999995,2,2.693,11.377,7.035,8.684000000000001,1.6484719260838663,false,false,false,false,"Outlier present, but the other repetitions do not uniquely support an isolated failure",SITE1/P13/P13_precision_baseline_4.csv,15,16,17,true,true,true,false,nan,false,true,0.11597413504743205,false,1.598,1.598,true,0.25,false,false,Retain: matching repetitions do not support one isolated failure.,0,false,false
SITE1_P13,baseline,100,8,P13_precision_baseline_4.csv,1.403,11.2,-2,11.377,2.72,2.4644999999999997,7.8942499999999995,2,2.693,11.597,7.145,8.904,1.592302309307208,false,false,false,false,"Outlier present, but the other repetitions do not uniquely support an isolated failure",SITE1/P13/P13_precision_baseline_4.csv,24,25,26,true,true,true,false,nan,false,true,0.11377170122662314,false,1.403,1.403,true,0.25,false,false,Retain: matching repetitions do not support one isolated failure.,0,false,false
SITE1_P13,tsunami,50,4,P13_precision_tsunami_8.csv,1.768,-10.100000000000009,-0.2,10.102,2.309,2.9699999999999998,8.43,2,1.53,6.129,3.8295,4.598999999999999,2.6379422901162033,true,false,false,false,"Outlier present, but the other repetitions do not uniquely support an isolated failure",SITE1/P13/P13_precision_tsunami_8.csv,12,13,14,true,true,true,true,0,true,true,0.2020396000787966,false,1.768,1.768,true,0.25,false,false,Retain: matching repetitions do not support one isolated failure.,0,false,false
SITE1_P16,map,200,3,P16_precision_map_4.csv,1.528,15.899999999999999,9.2,18.37,4.159,4.4174999999999995,13.627249999999998,2,4.73,11.711,8.220500000000001,6.981,2.234657259290797,true,false,false,false,"Outlier present, but the other repetitions do not uniquely support an isolated failure",SITE1/P16/P16_precision_map_4.csv,10,11,12,true,true,true,true,0,true,true,0.091849060964171,false,1.528,1.528,true,0.25,false,false,Retain: matching repetitions do not support one isolated failure.,0,false,false
SITE1_P16,tsunami,200,3,P16_precision_tsunami_0.csv,2.698,-17,-2,17.117,3.454,4.4595,13.39575,2,6.264,14.009,10.1365,7.745,1.6886499284762986,false,false,false,false,"Outlier present, but the other repetitions do not uniquely support an isolated failure",SITE1/P16/P16_precision_tsunami_0.csv,9,10,11,true,true,true,true,0,true,true,0.08558621384311844,false,2.698,2.698,true,0.25,false,false,Retain: matching repetitions do not support one isolated failure.,0,false,false
SITE1_P16,tsunami,200,6,P16_precision_tsunami_0.csv,2.645,-14,-0.5,14.009,3.454,4.4595,13.39575,2,6.264,17.117,11.6905,10.853000000000002,1.1983234250032078,false,false,false,false,"Outlier present, but the other repetitions do not uniquely support an isolated failure",SITE1/P16/P16_precision_tsunami_0.csv,18,19,20,true,true,true,true,0,true,true,0.07004462863060949,false,2.645,2.645,true,0.25,false,false,Retain: matching repetitions do not support one isolated failure.,0,false,false
SITE1_P18,baseline,200,6,P18_precision_baseline_8.csv,3.667,17.699999999999996,3.9,18.125,5.036,4.6995000000000005,14.681750000000001,2,11.625,14.004,12.814499999999999,2.3789999999999996,1.414413359865777,true,true,false,false,"Outlier present, but the other repetitions do not uniquely support an isolated failure",SITE1/P18/P18_precision_baseline_8.csv,18,19,20,true,true,true,false,nan,false,true,0.09062284480195926,false,3.667,3.667,true,0.25,false,false,Retain: matching repetitions do not support one isolated failure.,0,false,false
SITE1_P18,tsunami,50,4,P18_precision_tsunami_0.csv,2.95,-8.799999999999997,0.1,8.801,2.309,2.9699999999999998,8.43,2,2.1,4.851,3.4755000000000003,2.751,2.5322975111494745,true,true,false,false,"Outlier present, but the other repetitions do not uniquely support an isolated failure",SITE1/P18/P18_precision_tsunami_0.csv,12,13,14,true,true,true,true,0,true,true,0.17601136326953434,false,2.95,2.95,true,0.25,false,false,Retain: matching repetitions do not support one isolated failure.,0,false,false
SITE1_P23,tsunami,200,3,P23_precision_tsunami_4.csv,2.853,12.799999999999997,-4.3,13.503,3.454,4.4595,13.39575,2,2.309,12.404,7.3565000000000005,10.094999999999999,1.8355196085094814,true,false,false,false,"Outlier present, but the other repetitions do not uniquely support an isolated failure",SITE1/P23/P23_precision_tsunami_4.csv,9,10,11,true,true,true,true,0,true,true,0.0675148131894031,false,2.853,2.853,true,0.25,false,false,Retain: matching repetitions do not support one isolated failure.,0,false,false
SITE1_P23,tsunami,50,4,P23_precision_tsunami_4.csv,1.679,9,0.1,9.001,2.309,2.9699999999999998,8.43,2,1,3.612,2.306,2.612,3.9032957502168255,true,true,true,true,Very strong: one extreme trial between two similar in-range repetitions,SITE1/P23/P23_precision_tsunami_4.csv,12,13,14,true,true,true,true,0,true,true,0.18001111076819673,false,1.679,1.679,true,0.25,false,false,Retain: isolated outlier but below the conservative 25% distance threshold.,0,false,false
SITE2_P02,map,50,1,P02_precision_map_4.csv,3.638,-69.60000000000001,-5.2,69.794,5.016,4.943499999999999,15.230249999999998,2,3.053,5.944,4.4985,2.891,15.514949427586973,true,true,true,true,Very strong: one extreme trial between two similar in-range repetitions,SITE2/P02/P02_precision_map_4.csv,3,4,5,true,true,true,true,0,true,true,1.3958796509728193,true,3.638,3.638,true,0.25,false,true,Isolated upper-IQR trial; error >=25% of nominal distance; two matching repetitions in range; raw selected/landing point verified.,1,false,false
SITE2_P02,map,100,2,P02_precision_map_4.csv,2.263,-41.8,-3.8,41.972,4.342,4.4670000000000005,13.6005,2,3.231,5.022,4.1265,1.7910000000000004,10.171331636980492,true,true,true,true,Very strong: one extreme trial between two similar in-range repetitions,SITE2/P02/P02_precision_map_4.csv,6,7,8,true,true,true,true,0,true,true,0.4197237186531159,true,2.263,2.263,true,0.25,false,true,Isolated upper-IQR trial; error >=25% of nominal distance; two matching repetitions in range; raw selected/landing point verified.,1,false,false
SITE2_P03,map,50,1,P03_precision_map_4.csv,14.36,-41.400000000000006,0.6,41.404,5.016,4.943499999999999,15.230249999999998,2,2.4,4.741,3.5705,2.3409999999999997,11.596134995098726,true,true,true,true,Very strong: one extreme trial between two similar in-range repetitions,SITE2/P03/P03_precision_map_4.csv,3,4,5,true,true,true,true,0,true,true,0.8280869519561338,true,14.36,14.36,true,0.25,false,true,Isolated upper-IQR trial; error >=25% of nominal distance; two matching repetitions in range; raw selected/landing point verified.,1,false,false
SITE2_P03,map,100,2,P03_precision_map_4.csv,5.542,-28.5,3,28.657,4.342,4.4670000000000005,13.6005,2,3.041,5.021,4.031,1.98,7.109154056065493,true,true,true,true,Very strong: one extreme trial between two similar in-range repetitions,SITE2/P03/P03_precision_map_4.csv,6,7,8,true,true,true,true,0,true,true,0.28657459761814197,true,5.542,5.542,true,0.25,false,true,Isolated upper-IQR trial; error >=25% of nominal distance; two matching repetitions in range; raw selected/landing point verified.,1,false,false
SITE2_P05,map,50,1,P05_precision_map_0.csv,4.375,-19.900000000000006,4.9,20.494,5.016,4.943499999999999,15.230249999999998,2,7.29,9.335,8.3125,2.045000000000001,2.4654436090225564,true,true,false,false,"Outlier present, but the other repetitions do not uniquely support an isolated failure",SITE2/P05/P05_precision_map_0.csv,4,5,6,true,true,true,true,0,true,true,0.4098877895229378,true,4.375,4.375,true,0.25,false,false,Retain: matching repetitions do not support one isolated failure.,1,false,false
SITE2_P05,baseline,50,7,P05_precision_baseline_8.csv,0.819,-6.1000000000000085,0.1,6.101,1.7,2.0340000000000003,6.0875,2,1.217,3.027,2.122,1.81,2.8751178133836004,true,true,false,false,"Outlier present, but the other repetitions do not uniquely support an isolated failure",SITE2/P05/P05_precision_baseline_8.csv,21,22,23,true,true,true,false,nan,false,true,0.12201639234135733,false,0.819,0.819,true,0.25,false,false,Retain: matching repetitions do not support one isolated failure.,0,false,false
SITE2_P06,map,50,1,P06_precision_map_0.csv,14.43,-86.10000000000001,-6.6,86.353,5.016,4.943499999999999,15.230249999999998,2,2.022,7.018,4.52,4.996,19.104646017699114,true,false,true,false,Supports one isolated failure: both other repetitions are in range,SITE2/P06/P06_precision_map_0.csv,4,5,6,true,true,true,true,0,true,true,1.7270518231946606,true,14.43,14.43,true,0.25,false,true,Isolated upper-IQR trial; error >=25% of nominal distance; two matching repetitions in range; raw selected/landing point verified.,1,false,false
SITE2_P06,map,100,2,P06_precision_map_0.csv,4.139,-58.599999999999994,0.8,58.605,4.342,4.4670000000000005,13.6005,2,1.676,3.225,2.4505,1.5490000000000002,23.915527443378902,true,true,true,true,Very strong: one extreme trial between two similar in-range repetitions,SITE2/P06/P06_precision_map_0.csv,7,8,9,true,true,true,true,0,true,true,0.586054604964418,true,4.139,4.139,true,0.25,false,true,Isolated upper-IQR trial; error >=25% of nominal distance; two matching repetitions in range; raw selected/landing point verified.,1,false,false
SITE2_P07,baseline,200,3,P07_precision_baseline_4.csv,6.958,32.199999999999996,1.3,32.226,5.036,4.6995000000000005,14.681750000000001,2,5.523,13.601,9.562000000000001,8.078000000000001,3.3702154361012338,true,false,true,false,Supports one isolated failure: both other repetitions are in range,SITE2/P07/P07_precision_baseline_4.csv,9,10,11,true,true,true,false,nan,false,true,0.16113115775665485,false,6.958,6.958,true,0.25,false,false,Retain: isolated outlier but below the conservative 25% distance threshold.,0,false,false
SITE2_P07,map,100,5,P07_precision_map_8.csv,2.013,20.400000000000002,13.6,24.518,4.342,4.4670000000000005,13.6005,2,7.801,11.8,9.8005,3.9990000000000006,2.50170909647467,true,true,false,false,"Outlier present, but the other repetitions do not uniquely support an isolated failure",SITE2/P07/P07_precision_map_8.csv,15,16,17,true,true,true,true,0,true,true,0.2451774867315513,false,2.013,2.013,true,0.25,false,false,Retain: matching repetitions do not support one isolated failure.,0,false,false
SITE2_P07,baseline,100,2,P07_precision_baseline_4.csv,1.916,16.3,0.6,16.311,2.72,2.4644999999999997,7.8942499999999995,2,4.5,5.301,4.9005,0.8010000000000002,3.3284358738904194,true,true,true,true,Very strong: one extreme trial between two similar in-range repetitions,SITE2/P07/P07_precision_baseline_4.csv,6,7,8,true,true,true,false,nan,false,true,0.16311039206623223,false,1.916,1.916,true,0.25,false,false,Retain: isolated outlier but below the conservative 25% distance threshold.,0,false,false
SITE2_P07,tsunami,50,1,P07_precision_tsunami_0.csv,1.709,-12.5,0.9,12.532,2.309,2.9699999999999998,8.43,2,4.061,6.903,5.481999999999999,2.8419999999999996,2.286026997446188,true,true,false,false,"Outlier present, but the other repetitions do not uniquely support an isolated failure",SITE2/P07/P07_precision_tsunami_0.csv,3,4,5,true,true,true,true,0,true,true,0.25064716236175505,true,1.709,1.709,true,0.25,false,false,Retain: matching repetitions do not support one isolated failure.,1,false,false
SITE2_P08,map,100,8,P08_precision_map_8.csv,1.778,13.000000000000004,-7.4,14.959,4.342,4.4670000000000005,13.6005,2,6.106,10.273,8.189499999999999,4.167,1.826607240979303,true,true,false,false,"Outlier present, but the other repetitions do not uniquely support an isolated failure",SITE2/P08/P08_precision_map_8.csv,25,26,27,true,true,true,true,0,true,true,0.14958609561052125,false,1.778,1.778,true,0.25,false,false,Retain: matching repetitions do not support one isolated failure.,0,false,false
SITE2_P10,map,200,9,P10_precision_map_8.csv,7.181,20.599999999999994,4.6,21.107,4.159,4.4174999999999995,13.627249999999998,2,3.8,5.867,4.8335,2.067,4.366814937415951,true,true,true,true,Very strong: one extreme trial between two similar in-range repetitions,SITE2/P10/P10_precision_map_8.csv,27,28,29,true,true,true,true,0,true,true,0.10553672346628919,false,7.181,7.181,true,0.25,false,false,Retain: isolated outlier but below the conservative 25% distance threshold.,0,false,false
SITE2_P10,baseline,50,4,P10_precision_baseline_0.csv,0.889,-20.300000000000004,-1.7,20.371,1.7,2.0340000000000003,6.0875,2,1.005,1.118,1.0615,0.11300000000000021,19.19076778144135,true,true,true,true,Very strong: one extreme trial between two similar in-range repetitions,SITE2/P10/P10_precision_baseline_0.csv,12,13,14,true,true,true,false,nan,false,true,0.40742115801710654,true,0.889,0.889,true,0.25,false,true,Isolated upper-IQR trial; error >=25% of nominal distance; two matching repetitions in range; raw selected/landing point verified.,1,false,false
SITE2_P12,baseline,50,4,P12_precision_baseline_0.csv,0.736,-132.9,5.5,133.014,1.7,2.0340000000000003,6.0875,2,2.902,45.298,24.1,42.396,5.519253112033195,false,false,false,false,"Outlier present, but the other repetitions do not uniquely support an isolated failure",SITE2/P12/P12_precision_baseline_0.csv,12,13,14,true,true,true,false,nan,false,true,2.660275173736732,true,0.736,0.736,true,0.25,false,true,Repeated failed-manipulation group: at least two raw-verified upper-IQR trials have error >=25% of nominal distance; exclude all raw-verified upper-IQR candidates in the group.,2,true,true
SITE2_P12,baseline,50,1,P12_precision_baseline_0.csv,0.306,-44.800000000000004,6.7,45.298,1.7,2.0340000000000003,6.0875,2,2.902,133.014,67.958,130.11200000000002,0.666558756879249,false,false,false,false,"Outlier present, but the other repetitions do not uniquely support an isolated failure",SITE2/P12/P12_precision_baseline_0.csv,3,4,5,true,true,true,false,nan,false,true,0.9059646792232025,true,0.306,0.306,true,0.25,false,true,Repeated failed-manipulation group: at least two raw-verified upper-IQR trials have error >=25% of nominal distance; exclude all raw-verified upper-IQR candidates in the group.,2,true,true
SITE2_P12,map,100,5,P12_precision_map_8.csv,5.556,15.7,7.6,17.443,4.342,4.4670000000000005,13.6005,2,2.195,13.453,7.824,11.258,2.2294222903885483,true,false,false,false,"Outlier present, but the other repetitions do not uniquely support an isolated failure",SITE2/P12/P12_precision_map_8.csv,15,16,17,true,true,true,true,0,true,true,0.17442763542512407,false,5.556,5.556,true,0.25,false,false,Retain: matching repetitions do not support one isolated failure.,0,false,false
SITE2_P12,tsunami,200,9,P12_precision_tsunami_4.csv,3.702,16.699999999999996,1,16.73,3.454,4.4595,13.39575,2,2.816,11.416,7.116,8.600000000000001,2.3510399100618327,true,false,false,false,"Outlier present, but the other repetitions do not uniquely support an isolated failure",SITE2/P12/P12_precision_tsunami_4.csv,27,28,29,true,true,true,true,0,true,true,0.08364956664561983,false,3.702,3.702,true,0.25,false,false,Retain: matching repetitions do not support one isolated failure.,0,false,false
SITE2_P12,baseline,200,6,P12_precision_baseline_0.csv,5.069,16.299999999999997,1.2,16.344,5.036,4.6995000000000005,14.681750000000001,2,0.9,14.473,7.6865000000000006,13.573,2.1263253756586225,true,false,false,false,"Outlier present, but the other repetitions do not uniquely support an isolated failure",SITE2/P12/P12_precision_baseline_0.csv,18,19,20,true,true,true,false,nan,false,true,0.08172056044839632,false,5.069,5.069,true,0.25,false,false,Retain: matching repetitions do not support one isolated failure.,0,false,false
SITE2_P12,tsunami,100,2,P12_precision_tsunami_4.csv,3.715,11.2,0.4,11.207,2.717,3.7375,10.768249999999998,2,5.923,6.801,6.362,0.8780000000000001,1.7615529707639108,true,true,false,false,"Outlier present, but the other repetitions do not uniquely support an isolated failure",SITE2/P12/P12_precision_tsunami_4.csv,6,7,8,true,true,true,true,0,true,true,0.11207140580897518,false,3.715,3.715,true,0.25,false,false,Retain: matching repetitions do not support one isolated failure.,0,false,false
SITE2_P13,tsunami,200,3,P13_precision_tsunami_8.csv,0.134,-116.8,5,116.907,3.454,4.4595,13.39575,2,6.119,17.257,11.688,11.138000000000002,10.002310061601642,false,false,false,false,"Outlier present, but the other repetitions do not uniquely support an isolated failure",SITE2/P13/P13_precision_tsunami_8.csv,9,10,11,true,true,true,true,0,true,true,0.5845348578143138,true,0.134,0.134,true,0.25,true,true,Upper-IQR trial; error >=25% of nominal distance; verified aim-to-teleport interval <0.25 s; raw selected/landing point verified.,1,false,false
SITE2_P13,tsunami,200,6,P13_precision_tsunami_8.csv,2.095,17.199999999999996,1.4,17.257,3.454,4.4595,13.39575,2,6.119,116.907,61.513,110.788,0.28054232438671506,false,false,false,false,"Outlier present, but the other repetitions do not uniquely support an isolated failure",SITE2/P13/P13_precision_tsunami_8.csv,18,19,20,true,true,true,true,0,true,true,0.08628441342444182,false,2.095,2.095,true,0.25,false,false,Retain: matching repetitions do not support one isolated failure.,1,false,false
SITE2_P13,baseline,200,3,P13_precision_baseline_4.csv,4.319,15.299999999999997,0.3,15.303,5.036,4.6995000000000005,14.681750000000001,2,3.812,6.562,5.187,2.7500000000000004,2.9502602660497397,true,true,false,false,"Outlier present, but the other repetitions do not uniquely support an isolated failure",SITE2/P13/P13_precision_baseline_4.csv,9,10,11,true,true,true,false,nan,false,true,0.07651470446914108,false,4.319,4.319,true,0.25,false,false,Retain: matching repetitions do not support one isolated failure.,0,false,false
SITE2_P14,map,100,5,P14_precision_map_0.csv,1.722,-100.4,44.2,109.699,4.342,4.4670000000000005,13.6005,2,3.985,8.472,6.2284999999999995,4.487,17.612426748013167,true,false,true,false,Supports one isolated failure: both other repetitions are in range,SITE2/P14/P14_precision_map_0.csv,15,16,17,true,true,true,true,0,true,true,1.0969867820534576,true,1.722,1.722,true,0.25,false,true,Isolated upper-IQR trial; error >=25% of nominal distance; two matching repetitions in range; raw selected/landing point verified.,1,false,false
SITE2_P14,baseline,50,1,P14_precision_baseline_4.csv,1.305,-66,-1.3,66.013,1.7,2.0340000000000003,6.0875,2,12.406,46.557,29.4815,34.151,2.239133015619965,false,false,false,false,"Outlier present, but the other repetitions do not uniquely support an isolated failure",SITE2/P14/P14_precision_baseline_4.csv,3,4,5,true,true,true,false,nan,false,true,1.3202560357748794,true,1.305,1.305,true,0.25,false,true,Repeated failed-manipulation group: at least two raw-verified upper-IQR trials have error >=25% of nominal distance; exclude all raw-verified upper-IQR candidates in the group.,2,true,true
SITE2_P14,baseline,50,7,P14_precision_baseline_4.csv,0.306,-46.5,2.3,46.557,1.7,2.0340000000000003,6.0875,2,12.406,66.013,39.209500000000006,53.607000000000006,1.1873908109004194,false,false,false,false,"Outlier present, but the other repetitions do not uniquely support an isolated failure",SITE2/P14/P14_precision_baseline_4.csv,21,22,23,true,true,true,false,nan,false,true,0.931136939445536,true,0.306,0.306,true,0.25,false,true,Repeated failed-manipulation group: at least two raw-verified upper-IQR trials have error >=25% of nominal distance; exclude all raw-verified upper-IQR candidates in the group.,2,true,true
SITE2_P14,baseline,200,9,P14_precision_baseline_4.csv,1.346,33.4,2.4,33.486,5.036,4.6995000000000005,14.681750000000001,2,13.634,18.851,16.2425,5.216999999999999,2.0616284438971832,false,false,false,false,"Outlier present, but the other repetitions do not uniquely support an isolated failure",SITE2/P14/P14_precision_baseline_4.csv,27,28,29,true,true,true,false,nan,false,true,0.1674305826305338,false,1.346,1.346,true,0.25,false,false,Retain: matching repetitions do not support one isolated failure.,0,false,false
SITE2_P14,baseline,200,6,P14_precision_baseline_4.csv,0.931,-18.400000000000006,4.1,18.851,5.036,4.6995000000000005,14.681750000000001,2,13.634,33.486,23.56,19.851999999999997,0.8001273344651952,false,false,false,false,"Outlier present, but the other repetitions do not uniquely support an isolated failure",SITE2/P14/P14_precision_baseline_4.csv,18,19,20,true,true,true,false,nan,false,true,0.0942562995242228,false,0.931,0.931,true,0.25,false,false,Retain: matching repetitions do not support one isolated failure.,0,false,false
SITE2_P14,baseline,100,5,P14_precision_baseline_4.csv,0.514,-12.599999999999998,4.6,13.413,2.72,2.4644999999999997,7.8942499999999995,2,2.602,2.968,2.785,0.3660000000000001,4.816157989228007,true,true,true,true,Very strong: one extreme trial between two similar in-range repetitions,SITE2/P14/P14_precision_baseline_4.csv,15,16,17,true,true,true,false,nan,false,true,0.1341342610968577,false,0.514,0.514,true,0.25,false,false,Retain: isolated outlier but below the conservative 25% distance threshold.,0,false,false
SITE2_P14,baseline,50,4,P14_precision_baseline_4.csv,1.611,-12.400000000000006,0.4,12.406,1.7,2.0340000000000003,6.0875,2,46.557,66.013,56.285000000000004,19.456000000000003,0.22041396464422136,false,false,false,false,"Outlier present, but the other repetitions do not uniquely support an isolated failure",SITE2/P14/P14_precision_baseline_4.csv,12,13,14,true,true,true,false,nan,false,true,0.24812899870833327,false,1.611,1.611,true,0.25,false,true,Repeated failed-manipulation group: at least two raw-verified upper-IQR trials have error >=25% of nominal distance; exclude all raw-verified upper-IQR candidates in the group.,2,true,true
SITE2_P15,map,50,1,P15_precision_map_0.csv,22.734,15.799999999999997,5.1,16.603,5.016,4.943499999999999,15.230249999999998,2,2.581,3.114,2.8475,0.5329999999999999,5.830728709394205,true,true,true,true,Very strong: one extreme trial between two similar in-range repetitions,SITE2/P15/P15_precision_map_0.csv,3,4,5,true,true,true,true,0,true,true,0.3320542124412819,true,22.734,22.734,true,0.25,false,true,Isolated upper-IQR trial; error >=25% of nominal distance; two matching repetitions in range; raw selected/landing point verified.,1,false,false
SITE2_P16,tsunami,100,8,P16_precision_tsunami_0.csv,1.768,-11.5,-3.2,11.937,2.717,3.7375,10.768249999999998,2,1.393,3.106,2.2495,1.7129999999999999,5.3065125583462995,true,true,true,true,Very strong: one extreme trial between two similar in-range repetitions,SITE2/P16/P16_precision_tsunami_0.csv,24,25,26,true,true,true,true,0,true,true,0.11936917525056456,false,1.768,1.768,true,0.25,false,false,Retain: isolated outlier but below the conservative 25% distance threshold.,0,false,false
SITE2_P16,tsunami,50,1,P16_precision_tsunami_0.csv,3.839,-8.600000000000009,0,8.6,2.309,2.9699999999999998,8.43,2,2.807,4.374,3.5904999999999996,1.5669999999999997,2.3952095808383236,true,true,false,false,"Outlier present, but the other repetitions do not uniquely support an isolated failure",SITE2/P16/P16_precision_tsunami_0.csv,3,4,5,true,true,true,true,0,true,true,0.17200000000000018,false,3.839,3.839,true,0.25,false,false,Retain: matching repetitions do not support one isolated failure.,0,false,false
SITE2_P17,tsunami,200,9,P17_precision_tsunami_0.csv,2.214,-17,-3.9,17.442,3.454,4.4595,13.39575,2,1.253,1.523,1.388,0.27,12.56628242074928,true,true,true,true,Very strong: one extreme trial between two similar in-range repetitions,SITE2/P17/P17_precision_tsunami_0.csv,27,28,29,true,true,true,true,0,true,true,0.08720808448762077,false,2.214,2.214,true,0.25,false,false,Retain: isolated outlier but below the conservative 25% distance threshold.,0,false,false
SITE2_P18,map,50,1,P18_precision_map_4.csv,8.653,-45.5,2.4,45.563,5.016,4.943499999999999,15.230249999999998,2,1.616,1.942,1.779,0.32599999999999985,25.611579539066895,true,true,true,true,Very strong: one extreme trial between two similar in-range repetitions,SITE2/P18/P18_precision_map_4.csv,3,4,5,true,true,true,true,0,true,true,0.9112650547453249,true,8.653,8.653,true,0.25,false,true,Isolated upper-IQR trial; error >=25% of nominal distance; two matching repetitions in range; raw selected/landing point verified.,1,false,false
SITE2_P18,tsunami,200,3,P18_precision_tsunami_0.csv,2.305,-16.200000000000003,-2.7,16.423,3.454,4.4595,13.39575,2,5.901,8.11,7.0055,2.2089999999999996,2.3443009064306617,true,true,false,false,"Outlier present, but the other repetitions do not uniquely support an isolated failure",SITE2/P18/P18_precision_tsunami_0.csv,9,10,11,true,true,true,true,0,true,true,0.08211729415902598,false,2.305,2.305,true,0.25,false,false,Retain: matching repetitions do not support one isolated failure.,0,false,false
SITE2_P18,map,100,2,P18_precision_map_4.csv,14.626,14.000000000000004,1.5,14.08,4.342,4.4670000000000005,13.6005,2,1.879,7.923,4.901,6.0440000000000005,2.872883085084677,true,false,false,false,"Outlier present, but the other repetitions do not uniquely support an isolated failure",SITE2/P18/P18_precision_map_4.csv,6,7,8,true,true,true,true,0,true,true,0.14080127840328727,false,14.626,14.626,true,0.25,false,false,Retain: matching repetitions do not support one isolated failure.,0,false,false
